,flow_score
APOPTOSIS,0.6517448747911944
CASPASE ACTIVATION,0.01521358381359812
FLOW CYTOMETRY,0.63172309072104
DOWN-REGULATION,0.13306629060602274
BAX,0.6359944921138198
FAS/FASL,0.005866912112364183
FAS,0.005866912112364183
FASL,0.005866912112364183
AMPK PHOSPHORYLATION,0.005866912112364183
GENETIC SILENCING OF Α-ENOLASE,0.005866912112364183
OVEREXPRESSION OF WILD-TYPE Α-ENOLASE,0.005866912112364183
OVEREXPRESSION OF CATALYTICALLY INACTIVE Α-ENOLASE,0.005866912112364183
PRIMARY CULTURED RAT CARDIOMYOCYTES,0.005866912112364183
FACS FLOW CYTOMETRY,0.005866912112364183
PRODRUG TREATMENT WITH GCV,0.005866912112364183
GENE SILENCING,0.005866912112364183
MM CELL GROWTH,0.005866912112364183
INFLAMMATORY PROCESS,0.06132842240821812
SIMULATED INFLAMMATORY CONDITIONS,0.045668701854094655
OXIDATIVE STRESS,0.9546972611902307
CELL VIABILITY,0.10125232285801021
DNA FRAGMENTATION,0.016819395238016014
CASPASE-9 ACTIVATION,0.005866912112364183
4 GY RADIATION,0.005866912112364183
RADIOPROTECTIVE EFFECT,0.005866912112364183
CLEAVED CASPASE-3,0.01521358381359812
BCL-2,0.5888555373845705
BCL-XL,0.07735533204424679
TRASTUZUMAB-MEDIATED GROWTH SUPPRESSION,0.09907953445833718
ISCHEMIC CARDIOMYOPATHY,0.005866912112364183
AUTOPHAGOSOME ACCUMULATION,0.005866912112364183
TUNEL ASSAY,0.005866912112364183
ANNEXIN-V/PI APOPTOTIC ASSAY,0.005866912112364183
RACK1 SILENCING,0.032499089925499325
SODIUM NITROPRUSSIDE (SNP),0.005866912112364183
ANNEXIN V/PROPIUM IODIDE STAINING (AV/PI),0.005866912112364183
MITOCHONDRIAL MEMBRANE POTENTIAL (MMP),0.005866912112364183
ANNEXIN V-FITC/PI DOUBLE STAINING,0.005866912112364183
PRO-CASPASE-3,0.005866912112364183
ALVEOLAR MACROPHAGES,0.005866912112364183
TUMORIGENESIS,0.005866912112364183
IRRADIATION,0.020366653366182205
RADIOSENSITIVITY,0.025385794569426905
PI-POSITIVE CELLS,0.016819395238016014
DNA DEMETHYLATION,0.005866912112364183
CASPASE-3,0.047118066746650665
PHOSPHATIDYLSERINE EXTERNALIZATION,0.005866912112364183
BAX/BCL-2 RATIO,0.005866912112364183
CLEAVED PARP,0.005866912112364183
P53 (TUMOR SUPPRESSOR GENE),0.005866912112364183
MITOCHONDRIAL-MEDIATED APOPTOSIS,0.047118066746650665
EXPERIMENT 2,0.005866912112364183
IMMUNOFLUORESCENT COSTAINING,0.005866912112364183
APOPTOTIC MARKERS,0.005866912112364183
KNOCKDOWN OF MIR-221 IN 5-FU RESISTANT CELLS,0.022077802955142098
S100A3-SPECIFIC SIRNA TREATMENT,0.020004159834836756
RECQL1(-) CELLS,0.005866912112364183
MAMMALIAN STERILE 20-LIKE KINASE 1 (MST1 / STK4),0.025490622079937447
MST1 OVEREXPRESSION,0.005866912112364183
MST1 KNOCKOUT,0.005866912112364183
CLEAVED CASPASE 3 / CASPASE 3/7 ACTIVITY,0.005866912112364183
CELL VIABILITY REDUCTION,0.005866912112364183
AUTOPHAGIC CELL DEATH PATHWAY,0.005866912112364183
CHOP KNOCKDOWN BY SIRNA,0.005866912112364183
CASPASES (FAMILY),0.005866912112364183
DAPI STAINING,0.005866912112364183
ROS PRODUCTION,0.005866912112364183
CYTOCHROME C RELEASE,0.005866912112364183
CYTOCHROME C,0.005866912112364183
WESTERN BLOT,0.6614989099152552
BETA-ACTIN,0.00973048838148206
SMC-4 PROTEIN,0.03303364396797531
THE STUDY (DOCUMENT 25439526),0.07622215898827613
HUMAN MM CELLS,0.00973048838148206
POLY-ADP-RIBOSE POLYMERASE (PARP) / CLEAVED PARP,0.00973048838148206
PECAM-1,0.00973048838148206
SMOOTH MUSCLE ACTIN (SMA),0.00973048838148206
PRIMARY AML CELLS,0.00973048838148206
IBA1,0.00973048838148206
PANNEXIN,0.00973048838148206
CONNEXIN 32,0.00973048838148206
PROTEINS,0.00973048838148206
PROTEIN DEGRADATION,0.00973048838148206
IN VITRO STUDY,0.039840920452108554
PCNA (PROLIFERATING CELL NUCLEAR ANTIGEN),0.025941379224259972
ERK1/2 (EXTRACELLULAR SIGNAL‑REGULATED KINASES 1/2),0.025941379224259972
RADIATION-INDUCED GENES,0.00973048838148206
P-AKT (PHOSPHORYLATED AKT),0.02331632019574196
LC3,0.02935419834905532
BECLIN1,0.02935419834905532
PROTEIN EXPRESSION,0.638272399897642
STUDY,0.9501616264353339
COL1A1 (COLLAGEN TYPE 1 ALPHA 1),0.00973048838148206
COL4A1 (COLLAGEN TYPE 4 ALPHA 1),0.00973048838148206
LAMC1 (LAMININ GAMMA 1),0.00973048838148206
E-CADHERIN,0.5819357701641702
KERATIN,0.00973048838148206
N-CADHERIN,0.0316628701099463
VIMENTIN,0.00973048838148206
P-AKT,0.00973048838148206
P-ERK,0.00973048838148206
ZEB1,0.02735983217300304
A2780,0.0702151233259801
SKOV3,0.0702151233259801
SUBCUTANEOUS ADIPOSE TISSUE (SAT),0.20503312567780643
ACHN CELLS,0.10347490068827501
IMMUNOHISTOCHEMISTRY,0.5970046526444462
IMMUNOREACTIVE SCORE,0.008877392604378382
PARAFFIN-EMBEDDED TUMOR SAMPLES,0.008877392604378382
EXPRESSION ANALYSIS,0.008877392604378382
STUDY OF CADHERIN EXPRESSION,0.008877392604378382
PROTEIN OVEREXPRESSION,0.008877392604378382
PULMONARY VESSEL NUMBER,0.008877392604378382
NEONATAL RAT MODEL,0.026506736395899365
METASTATIC MALIGNANCY,0.008877392604378382
BIOPSY SPECIMEN,0.008877392604378382
PATIENT COHORT (96 ENKTL PATIENTS),0.008877392604378382
RABBIT ANTI-BRCA1 POLYCLONAL ANTIBODY,0.008877392604378382
SEMIQUANTITATIVE ASSESSMENT,0.008877392604378382
PROTEIN PHOSPHATASE PP5,0.01982987573003021
QUANTITATIVE REAL-TIME POLYMERASE CHAIN REACTION (QRT-PCR),0.008877392604378382
PATIENTS (COHORT),0.037558199480062386
TISSUE SAMPLES,0.008877392604378382
STUDY COHORT (67 CSCC SAMPLES),0.008877392604378382
DUSP6 EXPRESSION,0.008877392604378382
TOTAL P63 EXPRESSION,0.008877392604378382
P53 EXPRESSION,0.008877392604378382
ΔNP63 EXPRESSION LOSS,0.008877392604378382
170 PATIENTS,0.008877392604378382
PHOSPHO-TAU IMMUNOREACTIVE CELLS,0.07826901146193606
TYROSINE HYDROXYLASE (TH),0.008877392604378382
REGULATION OF SIGLEC-10 AND CD24 EXPRESSION,0.01982987573003021
CYTOKERATIN STAINING,0.008877392604378382
HISTOLOGICAL EVALUATION,0.008877392604378382
MACROPHAGE-LIKE CELLS,0.008877392604378382
CALCITONIN GENE-RELATED PEPTIDE (CGRP),0.008877392604378382
STUDY COHORT (111 NSCLC PATIENTS),0.008877392604378382
TUMOR SECTIONS,0.01639017062764783
HUMAN EAC TUMOR SPECIMENS,0.07101914083502706
PATIENTS,1.0
ADJACENT LIVER TISSUE,0.13316088906567572
TUMOR-INFILTRATING IMMUNE CELLS,0.008877392604378382
COHORT OF 121 BREAST CANCER PATIENTS,0.008877392604378382
COHORT OF 102 ESCC SAMPLES,0.008877392604378382
HEME OXYGENASE-1 (HO-1),0.008877392604378382
NAD(P)H:QUINONE OXIDOREDUCTASE 1 (NQO1),0.008877392604378382
GLUTAMATE-CYSTEINE LIGASE CATALYTIC SUBUNIT (GCLC),0.008877392604378382
SINGLE-CELL SUSPENSIONS,0.010952483125651826
ILC2 FREQUENCIES,0.010952483125651826
"ILC2 PHENOTYPIC MARKERS (CD45+, LIN-, CD127+, CD4-, CD8-, CRTH2/CD294+, CD161+)",0.010952483125651826
LYMPHOCYTES,0.010952483125651826
CELL CYCLE DISTRIBUTION / G2 PHASE ARREST,0.010952483125651826
SURFACE MARKERS,0.010952483125651826
PERIPHERAL BLOOD MONONUCLEAR CELLS,0.010952483125651826
PHOSPHORYLATION,0.5435960393883548
EXPRESSION,0.010952483125651826
MONONUCLEAR LEUKOCYTES,0.010952483125651826
MONOCYTE SUBSETS (CD14/CD16),0.010952483125651826
G1 PHASE,0.010952483125651826
S PHASE,0.010952483125651826
G2/M PHASE ARREST,0.010952483125651826
LONGITUDINAL STUDY (20 CHRONIC HCV PATIENTS),0.010952483125651826
CELL CYCLE ARREST,0.010952483125651826
CELL CYCLE ARREST IN S PHASE,0.010952483125651826
MITOCHONDRIAL DEPOLARIZATION,0.010952483125651826
DNA CONTENT,0.010952483125651826
POSITIVE EXPRESSION RATE (3.5% ± 0.4%),0.010952483125651826
CELL CYCLE,0.5419648184973003
BECTON DICKINSON,0.010952483125651826
CD33,0.010952483125651826
TREM1,0.010952483125651826
TREM2,0.010952483125651826
TREML2,0.010952483125651826
TYROBP,0.010952483125651826
PTK2B,0.010952483125651826
IN VITRO FUNCTIONAL ASSAYS,0.0803441019832095
ANNEXIN V-FITC AND PROPIDIUM IODIDE (PI) STAINING,0.010952483125651826
MUTATION RATES,0.010952483125651826
M1 MARKERS,0.08988857452035942
M2 MARKERS,0.08988857452035942
LDL-C METABOLISM,0.013585831814259897
PM-ASSOCIATED METALS,0.02605302005303379
STEEL PLANT WORKERS,0.02605302005303379
SUPEROXIDE DISMUTASE (SOD) ACTIVITY,0.013585831814259897
MALONDIALDEHYDE (MDA),0.6260680254776441
LIPID PEROXIDATION,0.6065114453667734
NRF2,0.013585831814259897
MELATONIN,0.013585831814259897
REACTIVE OXYGEN SPECIES (ROS),0.5457135870046926
MITOCHONDRIAL GENOME,0.013585831814259897
S. CEREVISIAE,0.013585831814259897
DEHYDRATION TOLERANCE,0.013585831814259897
INDUSTRIAL STEPS,0.013585831814259897
NEURODEGENERATIVE DISEASES,0.013585831814259897
ALZHEIMER'S DISEASE,0.5462293880769629
CELL TOXICITY,0.013585831814259897
PROGRANULIN (PGRN),0.013585831814259897
HYDROGEN PEROXIDE (H2O2),0.013585831814259897
MONOCROTALINE (MCT),0.013585831814259897
ELLAGIC ACID (EA),0.013585831814259897
NAFLD,0.013585831814259897
REACTIVE OXYGEN SPECIES,0.013585831814259897
NOCTURNAL HYPOXIA,0.013585831814259897
PRO-ATHEROGENIC BIOMARKERS,0.06309337781664832
LIFE CYCLE OF BACTERIA,0.013585831814259897
OXIDIZED PHOSPHATIDYLCHOLINE COMPOUND,0.013585831814259897
RETINAL PIGMENT EPITHELIAL (RPE) CELLS,0.013585831814259897
AGE-RELATED MACULAR DEGENERATION (AMD),0.013585831814259897
H2O2 (HYDROGEN PEROXIDE),0.013585831814259897
HEPATOCYTE APOPTOSIS,0.013585831814259897
MITOCHONDRIAL DYSFUNCTION,0.013585831814259897
MITOCHONDRIAL SWELLING AND CRISTAE ABNORMALITIES,0.013585831814259897
AUTOIMMUNE PHENOMENA,0.013585831814259897
JOINT DESTRUCTION,0.013585831814259897
RADICAL SPECIES,0.013585831814259897
NITRIC OXIDE,0.013585831814259897
MGCLC,0.013585831814259897
LDGCLC,0.013585831814259897
NF-ΚB,0.07629906219381544
LIPID PEROXIDATION (LPO),0.0649552055576725
NITRIC OXIDE CONCENTRATION,0.013585831814259897
TOTAL ANTIOXIDANT CAPACITY,0.013585831814259897
NEUROTOXIC EFFECTS,0.013585831814259897
TOXICOLOGICAL ENDPOINT,0.013585831814259897
CYP2E1 (CYP2E1),0.013585831814259897
INFLAMMATION,0.6392810155746471
VASCULAR DISEASE,0.01246718823877389
NEUTROPHIL TO LYMPHOCYTE RATIO (NLR),0.01246718823877389
CYTOKINE PRODUCTION,0.029261531402832816
IL-6,0.5731862050366381
CORTISOL,0.03743263559043699
"PRO-INFLAMMATORY CYTOKINES (IL-6, IL-8, TNFΑ)",0.01246718823877389
INTERLEUKIN 10 (IL-10),0.01246718823877389
PRO-INFLAMMATORY CYTOKINES,0.6332743498037096
ANTI-INFLAMMATORY CYTOKINES,0.0706175241792232
INFLAMMATORY CYTOKINES,0.14368870845857004
NLRP3 INFLAMMASOME,0.01246718823877389
CORTICOSTEROIDS,0.01246718823877389
SCAR FORMATION,0.01246718823877389
ERYTHROCYTE SEDIMENTATION RATE I (ESR I),0.032090898206347154
ERYTHROCYTE SEDIMENTATION RATE II (ESR II),0.032090898206347154
LEUKOCYTES (LE),0.032090898206347154
HIGH SENSITIVITY C-REACTIVE PROTEIN (HSCRP),0.032090898206347154
FIBRINOGEN,0.032090898206347154
MYELOPEROXIDASE+ CELLS,0.01246718823877389
ALBUMIN ELEVATION IN BALF,0.01246718823877389
ALBUMIN,0.01246718823877389
GR-1 POSITIVE CELLS (GR-1),0.01246718823877389
WESTERN HEMODIALYSIS PATIENTS,0.01246718823877389
FOLLICULOGENESIS,0.01246718823877389
COLONIC EPITHELIAL DAMAGE,0.01246718823877389
CYTOKINES/CHEMOKINES PRODUCTION,0.01246718823877389
MMP9,0.01246718823877389
MMP2,0.01246718823877389
OBESITY,0.6035303432443556
ADIPOSITY,0.00831145882584926
HEALTH RISK FACTORS,0.053646254227347104
WESTERN SOCIETIES,0.025259208343298895
IPF PATIENTS,0.00831145882584926
90-DAY MORTALITY,0.0249654473516631
BILATERAL LUNG TRANSPLANT (BLT),0.00831145882584926
CARDIOVASCULAR MORBIDITY AND MORTALITY,0.02265186226369126
HYPOTHALAMIC DAMAGE,0.00831145882584926
LAMBDA(1),0.00831145882584926
DIFFERENTIATED THYROID CARCINOMA,0.00831145882584926
CIRRHOSIS,0.5748505141234515
HYPERCOAGULABLE STATE,0.00831145882584926
FIBRINOLYSIS,0.00831145882584926
CLOTTING,0.00831145882584926
HIGH-FAT DIET,0.00831145882584926
TEG PARAMETERS,0.00831145882584926
ACUTE TRAUMATIC COAGULOPATHY (ATC),0.00831145882584926
LOCAL COMPLICATIONS,0.00831145882584926
SYSTEMIC COMPLICATIONS,0.00831145882584926
BODY MASS INDEX,0.00831145882584926
INTERNATIONAL CLASSIFICATION OF DISEASES NINTH REVISION ICD-9,0.00831145882584926
MORBID OBESITY,0.00831145882584926
"PATIENT COHORT (20,319 PATIENTS)",0.01688654931085885
BODY MASS INDEX (BMI),0.6517594560157619
ODDS RATIO 7.88,0.051994806285764514
OLETF,0.0363776769827686
DIET-RELATED CHRONIC DISEASES,0.00831145882584926
PALMITATE (PALMITIC ACID),0.00831145882584926
ADIPOSE TISSUE INFLAMMATION,0.00831145882584926
SATURATED FREE FATTY ACIDS (FFAS),0.00831145882584926
CHRONIC DISEASES,0.00831145882584926
OVERWEIGHT,0.02917674582790937
CENTRAL FAT DISTRIBUTION,0.033526668204054776
PHYSICAL ACTIVITY,0.558709800297309
NATRIURETIC PEPTIDE SYSTEM,0.00831145882584926
NATRIURETIC HANDICAP,0.025259208343298895
HEALTH PROMOTING LIFESTYLE ACTIVITIES,0.00831145882584926
CROSS-SECTIONAL STUDY,0.11797414601395302
HEALTH PROMOTION LIFE-STYLE PROFILE SCALE,0.00831145882584926
HIGH-FAT DIET-INDUCED OBESITY MOUSE MODEL,0.00831145882584926
NON-ALCOHOLIC FATTY LIVER DISEASE (NAFLD),0.5409550150885521
SATURATED FATTY ACIDS,0.00831145882584926
LONG-CHAIN POLYUNSATURATED FATTY ACIDS,0.00831145882584926
SSAT UNSATURATION,0.0344109930827217
DIETARY QUALITY,0.016653988525813842
LUNG TRANSPLANTATION,0.016653988525813842
MULTIVARIABLE LOGISTIC REGRESSION MODELING,0.016653988525813842
BMI TERTILES,0.016653988525813842
AREA UNDER THE CURVE (AUC),0.5839375859817041
NORMAL-WEIGHT (BMI 18-24.9),0.016653988525813842
OVERWEIGHT (BMI 25-29.9),0.016653988525813842
GRADE 1 OBESITY (BMI 30-34.9),0.016653988525813842
GRADE 2 OBESITY (BMI 35-39.9),0.016653988525813842
GRADE 3 OBESITY (BMI >40),0.016653988525813842
WEIGHT,0.016653988525813842
HEIGHT,0.016653988525813842
SUICIDE ATTEMPT,0.035296512995008446
ADIPOKINES,0.016653988525813842
LOGISTIC REGRESSION ANALYSIS,0.5601723507288804
HIGH BMI (OVERWEIGHT/OBESE),0.016653988525813842
NORMAL BMI,0.016653988525813842
LOW BMI (UNDERWEIGHT),0.016653988525813842
HEIGHT AND WEIGHT MEASUREMENTS,0.016653988525813842
ELISA,0.7311147398424364
TNF-Α,0.6118534522952085
IL-1Β,0.5829253970843891
IL-10,0.655344045258297
IL-1RA,0.07164041114570546
STNFR-I,0.05338627260295243
STNFR-II,0.05338627260295243
BLOOD SAMPLES,0.016794343164058933
LIPID PROTEINS,0.016794343164058933
OXIDATIVE STRESS PARAMETERS,0.016794343164058933
CYTOKINE LEVELS,0.016794343164058933
PLASMA MMP-11 LEVELS,0.0829138461578233
CCL11,0.0789360913947076
CCL5,0.0789360913947076
CCL26,0.04786521727938326
CXCL8,0.04786521727938326
CXCL10,0.04786521727938326
STAT6,0.016794343164058933
SECRETION (PROTEIN LEVEL),0.016794343164058933
MYELOPEROXIDASE (MPO),0.03419403266864056
SECRETION,0.016794343164058933
SEROLOGIC EVIDENCE,0.016794343164058933
PRO-INFLAMMATORY CYTOKINES (MOLECULES),0.0301104320706265
ACADEMIC RESEARCH CENTER,0.034423686955579916
AGE,0.9306705614030598
CARDIAC PARAMETERS,0.325130805221773
PERCENT CHANGE IN RUNNING ECONOMY (% CHANGE),0.1477678988134633
BASELINE COGNITIVE TEST PERFORMANCE,0.1477678988134633
COGNITIVE IMPROVEMENTS,0.1477678988134633
CARDIAC FUNCTION,0.1957465069265433
ENERGY CHARGE,0.04567418494952676
NONTRANSGENIC MICE,0.04567418494952676
TRANSGENIC MOUSE HEARTS,0.04567418494952676
WESTERN BLOTTING,0.6156027901506188
PLURIPOTENCY-RELATED MARKERS,0.07977109202216966
SERUM SAMPLES,0.026204434276530568
PLACENTAL TISSUE,0.017629343791520983
LUNG DEVELOPMENT PROTEINS,0.017629343791520983
PHOSPHORYLATION OF INHIBITOR-ΚB (I-ΚB),0.017629343791520983
ALPHA-SMA,0.017629343791520983
MEOX1,0.017629343791520983
MEOX2,0.017629343791520983
ZEB2,0.017629343791520983
TOTAL CDC25C,0.017629343791520983
PHOSPHORYLATED CDC25C,0.017629343791520983
DENSITOMETRY,0.017629343791520983
WNT2 PROTEIN,0.03648463620302704
BETA-CATENIN,0.017629343791520983
ALPHA-SMOOTH MUSCLE ACTIN (Α-SMA),0.017629343791520983
IMMUNOFLUORESCENCE ANALYSIS,0.017629343791520983
MOLECULAR ANALYSES,0.017629343791520983
PROTEIN EXPRESSION LEVELS,0.017629343791520983
DIABETES,0.5805035663423009
DELAYED GASTRIC EMPTYING,0.026195136946458055
STREPTOZOTOCIN,0.026195136946458055
BLOOD GLUCOSE LEVELS,0.026195136946458055
STREPTOZOTOCIN-INDUCED DIABETES MODEL,0.026195136946458055
HYPERGLYCEMIA,0.06122731471272913
90-DAY CLINICAL UNFAVORABLE OUTCOME,0.026195136946458055
DIABETES PREVENTIVE CARE,0.026195136946458055
INCREASED ARTERIAL STIFFNESS (HIGH PWV GROUP),0.026195136946458055
FASTING BLOOD GLUCOSE,0.026195136946458055
VENOUS THROMBOEMBOLISM (VTE),0.03706994288682157
HAZARD RATIO (HR),0.6210392042510517
PATIENT MATCHING,0.05726601106178238
BETA-CELL DYSFUNCTION,0.026195136946458055
PROLIFERATION,0.5590981862237505
IN VITRO GROWTH ASSAY,0.016210890842777912
RACK1 OVEREXPRESSION,0.016210890842777912
PARACRINE SIGNALING,0.016210890842777912
ELECTRIC CURRENTS / ELECTRIC OR MAGNETIC FIELDS,0.016210890842777912
ADIPOSE-DERIVED STEM CELLS (ADSC),0.016210890842777912
"CELL CYCLE PHASES S, G2 AND M",0.016210890842777912
CELL CYCLE PROGRESSION,0.016210890842777912
E2F,0.016210890842777912
EGFR OVEREXPRESSION,0.016210890842777912
DIFFERENTIATION,0.016210890842777912
[3H]THYMIDINE INCORPORATION,0.016210890842777912
CELL CYCLE ANALYSIS,0.016210890842777912
DNA SYNTHESIS,0.016210890842777912
MTT ASSAY,0.5808813481166613
[CA2+]I (INTRACELLULAR CA2+ CONCENTRATION),0.016210890842777912
PKCΑ ACTIVATION (PROTEIN KINASE C-ALPHA),0.016210890842777912
ERK1/2 PHOSPHORYLATION,0.016210890842777912
VERAPAMIL,0.016210890842777912
CHELERYTHRINE,0.016210890842777912
PD98059,0.041222944505614006
CELL PROLIFERATION,0.6553735090182341
SMC-4 KNOCKDOWN,0.0573377130789716
ALAMAR BLUE ASSAY,0.03403455749247835
ANTIPROLIFERATIVE ACTION,0.03403455749247835
CCK-8 ASSAY,0.03403455749247835
MAPK SIGNALING PATHWAYS,0.03403455749247835
COX-2 (CYCLOOXYGENASE-2),0.06505763026300987
COLONY FORMATION ASSAY,0.03403455749247835
GROWTH CURVE PLOTTING,0.03403455749247835
SMAD3 PHOSPHORYLATION,0.03403455749247835
BRDU INCORPORATION TEST,0.03403455749247835
MIARNAS,0.03403455749247835
CELL-BASED ASSAYS,0.020076564812978797
CYTOTOXICITY,0.04397723720938213
CELL METABOLIC ACTIVITY,0.03929270541968708
CHEMICAL HYPOXIA / ANOXIC MODEL,0.03929270541968708
CYTOTOXIC EFFECT,0.03929270541968708
RADIOSENSITIVITY (IMPLICIT),0.005019141203244699
SURVIVAL RATE,0.06716088943389335
REPRESSION OF MIR-19A,0.006692188270992933
SMAD3,0.006692188270992933
TGF-Β SIGNALING PATHWAY,0.006692188270992933
HYPERTENSION,0.5326435562627029
LOGISTIC REGRESSION MODELS,0.06280788894084842
INCIDENT BLOOD PRESSURE NORMALIZATION,0.016947749517449637
INCIDENT CARDIOVASCULAR EVENTS,0.016947749517449637
GERIATRIC PATIENTS,0.041804448809709106
L-TYPE CALCIUM CHANNEL CAV1.2,0.016947749517449637
LARGE-CONDUCTANCE CA-ACTIVATED K+ CHANNEL KCA1.1,0.016947749517449637
SPONTANEOUSLY HYPERTENSIVE RATS (SHRS),0.016947749517449637
CAV1.2 ALPHA1C SUBUNIT,0.016947749517449637
KCA1.1 ALPHA AND BETA1 SUBUNITS,0.016947749517449637
STUDY COHORT (40 ADULT PATIENTS),0.12163372927483894
ANGIOTENSIN II (ANG II),0.016947749517449637
HDAC (GENERAL),0.016947749517449637
VASCULAR SMOOTH MUSCLE CELL (VSMC) PROLIFERATION,0.016947749517449637
ARTERIAL REMODELING,0.016947749517449637
EUTHYROID STATUS,0.016947749517449637
COHORT OF 285 TREATMENT-NAÏVE HYPERTENSIVE EUTHYROID PATIENTS,0.08291360533152284
CMV ANTIBODY TITERS,0.06355406069043613
GB2+GB3 GENOTYPE MIXTURE,0.016947749517449637
CMV INFECTION,0.016947749517449637
CELL DEATH,0.5467808039851755
ANTI-APOPTOTIC EFFECT,0.08240439685014232
CONTROL CULTURE,0.01413724772247257
HUMAN FIBROBLASTS,0.003262441782109055
CELL COUNT,0.003262441782109055
OGG1 OVER-EXPRESSION,0.003262441782109055
OPEN REDUCTION INTERNAL FIXATION (ORIF),0.008575090485009589
DISPLACED PROXIMAL HUMERUS FRACTURE,0.008575090485009589
INTERSCALENE BRACHIAL PLEXUS BLOCK,0.008575090485009589
GENERAL ANESTHESIA,0.008575090485009589
"DISABILITIES OF THE ARM, SHOULDER AND HAND (DASH) QUESTIONNAIRE",0.008575090485009589
RANGE OF MOTION ASSESSMENTS,0.008575090485009589
RETROSPECTIVE REVIEW,0.5939180773900677
PROSPECTIVELY COLLECTED DATA,0.09003727316555082
PATIENT COHORT (92 PATIENTS),0.06077415899875446
REGIONAL BLOCK GROUP (45 PATIENTS),0.008575090485009589
GENERAL ANESTHESIA GROUP (47 PATIENTS),0.008575090485009589
MINIMUM 6-MONTH FOLLOW-UP,0.008575090485009589
OUTCOME MEASURES,0.008575090485009589
COMMERCIAL FMD VACCINE,0.008575090485009589
WOMEN AGED 15 TO 45,0.008575090485009589
REAL-TIME THREE-DIMENSIONAL TRANSESOPHAGEAL ECHOCARDIOGRAPHY (RT-3D-TEE),0.008575090485009589
PERCUTANEOUS TRANSCATHETER CLOSURE,0.008575090485009589
STUDY PERIOD (JULY 2008 - SEPTEMBER 2011),0.008575090485009589
OUR INSTITUTION,0.008575090485009589
SEVERE COMPLICATIONS (NONE REPORTED EXCEPT ONE CASE),0.008575090485009589
STUDY PERIOD 2005-2011,0.008575090485009589
CONTROL INFUSION,0.008575090485009589
HEART RATE,0.5412186467477124
LEFT VENTRICULAR CONTRACTILITY,0.008575090485009589
CARDIAC OUTPUT,0.04586013942339878
BLOOD PRESSURE,0.5512569291542019
CEREBRAL BLOOD FLOW,0.008575090485009589
REGIONAL BLOOD FLOW,0.008575090485009589
LOW DOSE INFUSION (10 ΜG/KG/H),0.008575090485009589
HIGH DOSE INFUSION (20 ΜG/KG/H),0.008575090485009589
BASELINE PERIOD,0.008575090485009589
"MEASURES OF ALLIANCE, PSYCHOSOCIAL WELL-BEING, AND ADHERENCE WILLINGNESS",0.008575090485009589
INTERVIEWS,0.008575090485009589
FRAMEWORK ANALYSIS,0.008575090485009589
STUDY GROUP,0.03831435570967716
CONTROL GROUP,0.6118862428356062
RADIOGRAPHS,0.008575090485009589
CHI-SQUARE TEST,0.008575090485009589
FISHER EXACT TEST,0.008575090485009589
STUDENT T TEST,0.008575090485009589
CONSECUTIVE HIP ARTHROSCOPY PROCEDURES,0.008575090485009589
RADIOGRAPHIC FOLLOW-UP,0.008575090485009589
INCIDENCE OF HETEROTOPIC OSSIFICATION (36%),0.008575090485009589
CLINICALLY SIGNIFICANT HETEROTOPIC OSSIFICATION (BROOKER > I),0.008575090485009589
BASELINE DATA,0.008575090485009589
SCHOOL-BASED INTERVENTION,0.008575090485009589
SINGLE CENTRE,0.008575090485009589
STUDY PERIOD JULY 2007 - JULY 2012,0.008575090485009589
COHORT OF 68 PATIENTS,0.008575090485009589
306 PATIENTS WITH T2DM,0.008575090485009589
GENE DEFECT,0.008575090485009589
HUMAN OS CELL LINES,0.008575090485009589
VESSEL PROGENITOR DIFFERENTIATION,0.008575090485009589
DESCRIPTIVE STATISTICS,0.07097329672422918
REGRESSION ANALYSIS,0.008575090485009589
ELIGIBLE PUBLICATIONS,0.019449896425373106
PUBLICATIONS PER RESIDENT METRIC,0.008575090485009589
POSTRESIDENCY PUBLICATION METRICS,0.008575090485009589
STUDY SUBJECTS: 1055 MEN WITH METABOLIC SYNDROME,0.008575090485009589
PNEUMATIZATION OF THE MAXILLARY SINUS,0.008575090485009589
DENTAL IMPLANTS,0.008575090485009589
ALTERNATIVE TREATMENT METHODS,0.008575090485009589
RESISTANCE TO TRAIL,0.02609953425687244
BREAST CANCER,0.5326435562627029
HIGH-RISK HUMAN PAPILLOMAVIRUS (HR-HPV),0.015535437057662166
P-STAT3 (CONSTITUTIVELY ACTIVE STAT3),0.015535437057662166
IL-17,0.015535437057662166
BREAST ADENOSIS (ABA / BA),0.015535437057662166
THE STUDY (DOCUMENT 27508043),0.03580918241791129
HPV16,0.015535437057662166
HPV18,0.015535437057662166
BREAST CANCER SURGERY,0.015535437057662166
RADICAL BREAST CANCER SURGERY,0.015535437057662166
PRETREATMENT CANCER PARTICIPANTS,0.015535437057662166
ADJUVANT THERAPY,0.015535437057662166
BREAST CANCER DATASETS,0.015535437057662166
MCF-7 CELLS,0.015535437057662166
SYSTEMATIC REVIEW WITH META-ANALYSIS,0.015535437057662166
CANCER TREATMENT,0.015535437057662166
MURINE MAMMARY 4T1 TUMOR CELLS,0.015535437057662166
METASTATIC DISEASE,0.030035178311480185
PTK2,0.015535437057662166
TISSUE MICROARRAY (TMA),0.038838592644155415
DISEASE-FREE SURVIVAL (DFS),0.015535437057662166
TRIPLE-NEGATIVE BREAST CANCER (TNBC),0.015535437057662166
STUDY COHORT (375 BC SAMPLES),0.015535437057662166
SMALLER TUMOURS,0.015535437057662166
HUMAN CANCER CELL LINES,0.015535437057662166
GENOTYPING,0.6260610415149308
RS1057868,0.029082338171943577
RS2868177,0.029082338171943577
IBS PATIENTS,0.029082338171943577
HEALTHY CONTROL SUBJECTS (HCS),0.029082338171943577
INVESTIGATION COHORT (N = 110),0.029082338171943577
STANDARD PCR,0.029082338171943577
PUTATIVE METHYLATION-ASSOCIATED POLYMORPHISMS,0.039025017888847366
DISCOVERY COHORT,0.029082338171943577
REPLICATION COHORT,0.029082338171943577
SEGREGATION ANALYSIS,0.029082338171943577
PATHOGENIC MUTATIONS,0.029082338171943577
RECRUITMENT OF 64 INDIVIDUALS,0.029082338171943577
HEALTHY INDIVIDUALS (COHORT),0.029082338171943577
GENETIC ASSOCIATION STUDY,0.029082338171943577
MORTALITY,0.6101432693800226
OLDER AGE / AGING,0.016210890842777912
ONE-YEAR MORTALITY,0.016210890842777912
MULTIVARIATE ANALYSES,0.06316137169827263
FOLLOW-UP (180 DAYS),0.016210890842777912
MEDIAN SURVIVAL,0.016210890842777912
MUSCULAR ABNORMALITIES,0.016210890842777912
COHORT 1 (PRE-24-CCSC),0.016210890842777912
COHORT 2 (POST-24-CCSC),0.016210890842777912
CPK ELEVATION,0.016210890842777912
GLASGOW COMA SCORE,0.016210890842777912
INJURY SEVERITY SCORE,0.016210890842777912
U-SHAPED RELATIONSHIP,0.016210890842777912
ODDS RATIO,0.059894238302693165
7-DAY MORTALITY,0.032421781685555824
3-MONTH MORTALITY,0.032421781685555824
12-MONTH MORTALITY,0.032421781685555824
12-MONTH FOLLOW-UP,0.016210890842777912
SYSTEMIC INFLAMMATION,0.6047820205130646
AG- GROUP,0.016210890842777912
GENTAMICIN PROPHYLAXIS,0.016210890842777912
PATIENT COHORT,0.016210890842777912
MIDTERM OUTCOMES (1-YEAR OUTCOMES),0.016210890842777912
CELL MIGRATION,0.590642521277975
INVERTED MICROSCOPE,0.031023072770531526
IMAGE-PRO PLUS SOFTWARE,0.031023072770531526
WOUND-HEALING ASSAY,0.031023072770531526
CX3CL1,0.031023072770531526
MIGRATION MACHINERY,0.031023072770531526
CELL-CELL ADHESION,0.031023072770531526
METASTATIC POTENTIAL,0.031023072770531526
EMT,0.11802152029343967
DCLK1 OVEREXPRESSION,0.0931648210011802
CELL PROTRUSIONS,0.031023072770531526
TRANSWELL ASSAY,0.0931648210011802
LYMPH NODE METASTASIS,0.6645411240731401
EARLY TUMOR STAGE,0.0033460941354964665
GENE DOWNREGULATION,0.0033460941354964665
TARGET GENES OF MIR-29B,0.0033460941354964665
CLINICAL COHORT OF 98 OSCC PATIENTS,0.0033460941354964665
LOGISTIC REGRESSION,0.5633474705594158
STANDARD CARDIAC MAGNETIC RESONANCE NORMAL RANGES,0.07501396750699732
ADJUSTED ODDS RATIO (AOR),0.053264355626270285
"GENE PANEL (ANY TWO OF BHLHE22, CDO1, CELF4)",0.053264355626270285
REGRESSION MODEL PREDICTING FATIGUE,0.12086911469038257
DATA ANALYSIS (2013),0.053264355626270285
CONFIDENCE INTERVAL (95% CI),0.0372850489383892
PRE-IMPLEMENTATION PERIOD (APRIL 2010 - SEPTEMBER 2010),0.08202710766445623
POST-IMPLEMENTATION PERIOD (APRIL 2011 - SEPTEMBER 2011),0.08202710766445623
STUDY PATIENTS,0.08202710766445623
STUDY PERIOD (SEPTEMBER 2004 - DECEMBER 2011),0.08202710766445623
DISEASE-SPECIFIC AND CLINICAL PARAMETERS,0.0745700978767784
POOLED ANALYSIS,0.08119855102138093
DEPRESSION,0.5326435562627029
CONVENTIONAL ANTIDEPRESSANT DRUGS,0.014340403437842
REMISSION,0.014340403437842
PREVENTION,0.014340403437842
STUDY (DOCUMENT ID 25451436),0.0516254523762312
OUT‑PATIENTS,0.026768753083971735
SYMPTOMS OF DEPRESSION,0.021853181461111447
PATIENT SAMPLE,0.014340403437842
PSYCHOPATHOLOGICAL CONDITIONS,0.014340403437842
CLINICAL OUTCOMES,0.014340403437842
ELECTIVE CARDIAC SURGERY,0.014340403437842
PSYCHOSOCIAL VARIABLES,0.014340403437842
MODERATE ARM PAIN CLASS,0.014340403437842
EQ-VAS,0.014340403437842
QUALITY OF LIFE IN EPILEPSY (QOLIE),0.014340403437842
BECK DEPRESSION INVENTORY-II (BDI-II),0.014340403437842
HOSPITAL ANXIETY AND DEPRESSION SCALE (HADS),0.014340403437842
MAJOR DEPRESSION INVENTORY (MDI),0.014340403437842
EMOTIONAL THERMOMETER (ET7),0.014340403437842
EPILEPSY,0.5469839597005449
VAGUS NERVE STIMULATION (VNS),0.0889105013146204
ANHEDONIA,0.014340403437842
DISABILITY RETIREMENT,0.014340403437842
BECK DEPRESSION INVENTORY (BDITOT),0.014340403437842
BDINATS (NEGATIVE ATTITUDES TOWARDS SELF SUBSCALE),0.014340403437842
WORK INCAPACITY,0.014340403437842
GENE EXPRESSION,0.5855676118391386
ACSS2,0.02076842638234837
FABP3,0.02076842638234837
ACACA,0.02076842638234837
FASN,0.02076842638234837
SCD,0.02076842638234837
LPIN1,0.02076842638234837
INSIG1,0.02076842638234837
SREBF1,0.02076842638234837
PPARD,0.02076842638234837
NR1H3,0.02076842638234837
ACSL1,0.02076842638234837
DGAT1,0.02076842638234837
RXRA,0.02076842638234837
PPARG,0.02076842638234837
ALVEOLAR SURFACE AREA TO LUNG VOLUME RATIO (SA/V),0.02076842638234837
MOLECULAR PATHWAYS,0.02076842638234837
PRERANKED GENE SET ENRICHMENT ANALYSIS,0.02076842638234837
HUMAN INTERVENTION STUDIES,0.02076842638234837
18S,0.02076842638234837
REAL-TIME PCR,0.5503983414714597
CELL TREATMENT EXPERIMENT,0.031070874115324332
GC-INDUCED LEUCINE ZIPPER (GILZ),0.031070874115324332
MRNA LEVELS / GENE EXPRESSION,0.031070874115324332
EXOSOMAL MICRORNAS,0.09321262234597301
EXPRESSION (GENE/TRANSCRIPT LEVEL),0.031070874115324332
ARC TISSUE COLLECTION (ARC REMOVAL),0.031070874115324332
GLUCOCORTICOID RESPONSE ELEMENT (GRE),0.02174961188072703
CHEMOKINE PRODUCTION,0.010874805940363516
AIRWAY INFLAMMATION,0.010874805940363516
CHEMOKINES,0.05654899088989029
IL-13,0.00724987062690901
OVEREXPRESSION,0.00724987062690901
DOWNREGULATION,0.00724987062690901
IRF1,0.00724987062690901
CPFA,0.13582752122876016
PLASMA LEVELS,0.13582752122876016
FIRST CPFA SESSION,0.09854247229037096
SECOND CPFA SESSION,0.13582752122876016
GENETIC DEPLETION,0.014340403437842
PHARMACOLOGICAL INHIBITION,0.014340403437842
CA2+ INFLUX,0.014340403437842
LINEAR REGRESSION,0.1442166572398977
WOMEN (FEMALE PARTICIPANTS),0.014340403437842
HIGHEST BMI TERTILE,0.014340403437842
WOMEN IN HIGHEST BMI TERTILE,0.014340403437842
NORMOGLYCEMIC INDIVIDUALS WITH DYSLIPIDEMIA (NG/D),0.04758623874123903
PRO-INFLAMMATORY MARKERS,0.014340403437842
CYTOKINE SECRETION,0.12464200654724339
STAT3 UPREGULATION,0.014340403437842
CYTOKINE MRNA,0.014340403437842
IMMUNOSUPPRESSION,0.05815033594044931
LOCAL IMMUNE RESPONSES,0.014340403437842
MODERATE ACUTE PANCREATITIS,0.018690325813987406
RECEIVER OPERATING CHARACTERISTIC CURVE (ROC),0.014340403437842
MULTIVARIATE ANALYSIS,0.7188021539973013
DISEASE ACTIVITY,0.07784980125561818
RETROSPECTIVE COHORT STUDY,0.6594339676953563
STUDY COHORT (2003-2014),0.3008696310167239
STUDY (JAN 2002 - DEC 2010),0.07784980125561818
UNWEIGHTED ANALYSES,0.0894743078791097
MULTIVARIABLE POISSON REGRESSION ANALYSIS,0.013495430171302489
ONTARIO,0.013495430171302489
CANADA,0.013495430171302489
DECEDENTS,0.013495430171302489
STUDY PERIOD 2004-2009,0.013495430171302489
TERTIARY CARE CENTER,0.013495430171302489
THERAPEUTIC PTT WITHIN 24 HOURS,0.013495430171302489
CHART REVIEW,0.013495430171302489
RETROSPECTIVE ASSAYS,0.013495430171302489
COHORT OF 40 WOMEN WITH PCOS,0.013495430171302489
COHORT OF 74 HYPER-RESPONDERS WITHOUT PCOS,0.013495430171302489
GNRH AGONIST (GNRHA) TRIGGER,0.013495430171302489
SERUM HORMONE ASSAY,0.013495430171302489
NO OOCYTE RETRIEVAL,0.013495430171302489
STUDY PERIOD 2005-2015,0.013495430171302489
GENERALIZED ESTIMATING EQUATIONS,0.013495430171302489
PROPENSITY-MATCHED ANALYSIS,0.013495430171302489
ADULT PATIENTS,0.013495430171302489
"STUDY PERIOD JANUARY 1, 2009–DECEMBER 31, 2013",0.013495430171302489
UNIVARIATE ANALYSIS,0.5872065765690428
MULTIVARIABLE ANALYSIS,0.05492326232506827
TRANSFUSION REQUIREMENTS,0.013495430171302489
CIRCULATING LYMPHOCYTES,0.013495430171302489
COX PROPORTIONAL HAZARDS MODEL,0.013495430171302489
PATIENT COHORT OF 225,0.013495430171302489
STUDY PERIOD 1986-2012,0.013495430171302489
FOLLOW-UP PERIOD,0.5955661829655797
HISTORIC PERIOD (1990-2004),0.013495430171302489
CURRENT PERIOD (2011-2012),0.013495430171302489
NON-ASIAN PATIENTS,0.013495430171302489
SERIAL LIVER BIOPSIES,0.013495430171302489
CHEMOTHERAPY,0.5326435562627029
CISPLATIN,0.053264355626270285
CHEMOTHERAPY-INDUCED CACHEXIA,0.053264355626270285
BODY WEIGHT LOSS,0.053264355626270285
RESPONSE RATE,0.06128327509967582
FIRST-LINE CHEMOTHERAPY REGIMENS,0.053264355626270285
COMPLETE RESPONSE RATE,0.053264355626270285
STOCHASTIC NOISE,0.053264355626270285
TUMOUR BURDEN,0.09694112723981192
CISPLATIN-CONTAINING COMBINATION REGIMENS,0.00372850489383892
ERCC1,0.00372850489383892
ERCC1 DEFICIENCY,0.00372850489383892
RELAPSE AFTER CISPLATIN TREATMENT,0.00372850489383892
SEQUENTIAL CISPLATIN AND ETOPOSIDE CHEMOTHERAPY,0.00372850489383892
ACQUIRED RESISTANCE TO CHEMOTHERAPY,0.00372850489383892
ANTICANCER AGENTS (CHEMOTHERAPEUTICS),0.00372850489383892
CDDP/VP16,0.00372850489383892
RECQL1-LOW EXPRESSION,0.0186425244691946
PROGNOSIS,0.19740362021269395
DIFFERENTIATION POTENTIAL,0.00745700978767784
GLIOMA CELLS,0.00745700978767784
DRUG RESPONSE,0.00745700978767784
DRUG EFFICACY,0.00745700978767784
DIFFERENTIATION RESPONSES,0.00745700978767784
OVERALL SURVIVAL (OS),0.5832567448668512
KAPLAN-MEIER AND COX REGRESSION MODELS,0.008018919473405526
PROGNOSTIC BIOMARKER (FOXM1 EXPRESSION),0.008018919473405526
GROUP A (LONG‑TERM TMZ COHORT),0.008018919473405526
GROUP B (STANDARD TMZ COHORT),0.008018919473405526
NUMBER OF TMZ CYCLES,0.008018919473405526
NLR THRESHOLD 4.1,0.008018919473405526
INTERNATIONAL STAGING SYSTEM (ISS),0.008018919473405526
NORMALIZATION OF S F L C KAPPA/LAMBDA RATIO AFTER TWO CYCLES,0.008018919473405526
S F L C RESPONSE AFTER TWO CYCLES,0.008018919473405526
I/U S F L C ≤10 THRESHOLD,0.008018919473405526
I/U S F L C >10 THRESHOLD,0.008018919473405526
LOWEST QUARTILE OF SERUM 25(OH)D,0.008018919473405526
HIGHEST QUARTILE OF SERUM 25(OH)D,0.008018919473405526
SURVIVAL ANALYSIS,0.0530523387772573
LOCORREGIONAL FAILURE,0.008018919473405526
PROPENSITY SCORE MATCHING,0.008018919473405526
LYMPH NODE METASTASES,0.008018919473405526
LOCORREGIONAL FAILURE PATIENT SUBGROUP (N=345),0.008018919473405526
FIRST-LINE THERAPY,0.008018919473405526
SECOND-LINE THERAPY,0.008018919473405526
THIRD-LINE THERAPY,0.008018919473405526
FOLLOW-UP PERIOD (MEDIAN 27.5 MONTHS),0.008018919473405526
"PROGNOSTIC FACTORS (PERFORMANCE, DISEASE STATUS, EGFR MUTATION TYPES)",0.008018919473405526
TREATMENT TIMING,0.008018919473405526
OCCLUSION TIME,0.008018919473405526
TUMOR VOLUME,0.008018919473405526
LYMPH NODE STATUS,0.008018919473405526
5-YEAR SURVIVAL OUTCOMES,0.008018919473405526
I-PET-NEGATIVE,0.008018919473405526
AFP NON-RESPONSE,0.008018919473405526
CHILD-PUGH B,0.008018919473405526
TUMOR DIAMETER ≥10 CM,0.008018919473405526
PORTAL VEIN INVASION,0.008018919473405526
SD SUBGROUP,0.008018919473405526
COHORT MEDIAN OS 6.2 MONTHS,0.008018919473405526
COX MULTIVARIATE REGRESSION ANALYSIS,0.008018919473405526
KAPLAN-MEIER ANALYSIS,0.008018919473405526
KAPLAN–MEIER METHOD,0.008018919473405526
COX PROPORTIONAL HAZARD MODELS,0.008018919473405526
T STATUS,0.008018919473405526
N STATUS,0.008018919473405526
DIFFERENTIATION GRADE,0.008018919473405526
TUMOR LENGTH,0.008018919473405526
PATHOLOGICAL STAGE,0.008018919473405526
ATHEROSCLEROSIS,0.535905998044812
CAROTID-FEMORAL PULSE WAVE VELOCITY (PWV),0.012428349646129733
ENDOTHELIAL PROGENITOR CELLS (EPC),0.012428349646129733
APOE DEFICIENCY (APOE(-/-) MICE),0.012428349646129733
H&E STAINING,0.012428349646129733
MASSON'S TRICHROME STAINING,0.012428349646129733
PRO‑INFLAMMATORY CYTOKINES,0.012428349646129733
OX‑LDL (OXIDIZED LDL),0.012428349646129733
HDL (HIGH‑DENSITY LIPOPROTEIN),0.012428349646129733
MIR‑21A,0.012428349646129733
MIR‑132,0.012428349646129733
MIR‑126A,0.012428349646129733
MIR‑155,0.012428349646129733
MIR‑20A,0.012428349646129733
HIGH-LIPID DIET (HLD),0.012428349646129733
ATHEROSCLEROTIC LESIONS,0.012428349646129733
IL-10-PRODUCTION B CELLS,0.012428349646129733
IFN-Γ,0.056238282148737044
IL-4,0.056238282148737044
BIOAVAILABILITY OF ENDOGENOUS NO,0.012428349646129733
ENDOTHELIAL DYSFUNCTION,0.056445421309505875
LESION FORMATION,0.012428349646129733
APOE,0.012428349646129733
MACE (MAJOR ADVERSE CARDIOVASCULAR EVENTS),0.012428349646129733
MOUSE MODEL,0.012428349646129733
LIPID ACCUMULATION,0.012428349646129733
PLAQUE FORMATION,0.012428349646129733
CXCR3 ANTAGONISTS,0.012428349646129733
RESOLUTION OF INFLAMMATION,0.04110915652181373
TERT-BUTYL HYDROGEN PEROXIDE (TBHP),0.033895499034899274
HSC ACTIVATION,0.12710812138087227
FREE RADICAL PRODUCTION,0.033895499034899274
BAP (BEZAFIBRATE + MEDROXYPROGESTERONE),0.033895499034899274
REVESTEROL (RVT),0.033895499034899274
ANTI-OXIDATIVE CAPACITY,0.033895499034899274
"1,4-BENZOQUINONE (1,4-BQ)",0.05351920900247254
N-ACETYL CYSTEINE (NAC),0.05351920900247254
NECROX-7,0.033895499034899274
OXIDATIVE DNA DAMAGE (8-OHDG / 10^6 DG),0.002372684932442949
SUPEROXIDE DISMUTASE (SOD),0.5350162411951459
GLUTATHIONE PEROXIDASE (GSH-PX),0.002372684932442949
EXCITOTOXICITY,0.002372684932442949
ISCHEMIA,0.002372684932442949
HYPOXIA,0.002372684932442949
LOW-DOSE RVT (50 MG/KG/DAY),0.032111950157110526
HIGH-DOSE RVT (100 MG/KG/DAY),0.032111950157110526
NEUROPROTECTION,0.5350162411951459
HL60 CELLS,0.007908949774809831
ASPARTATE AMINOTRANSFERASE (AST),0.5511448494859187
ALANINE TRANSAMINASE (ALT),0.0019772374437024578
HEPATIC STEATOSIS,0.0019772374437024578
TUMOR NECROSIS FACTOR-ALPHA (TNF-ALPHA) EXPRESSION,0.0019772374437024578
HEPATIC FIBROSIS,0.0019772374437024578
TERT-BUTYLHYDROPEROXIDE,0.0019772374437024578
PRIMARY HEPATOCYTES,0.0019772374437024578
INFILTRATING MACROPHAGES,0.0019772374437024578
ANTIOXIDANT THERAPY,0.0019772374437024578
4-HYDROXYNONENAL (4HNE),0.13219244623610718
OXIDATIVE DAMAGE / OXIDATIVE STRESS,0.13219244623610718
RETROSPECTIVE STUDY,0.5326435562627029
TRAUMA PATIENTS,0.013316088906567571
INFECTIOUS COMPLICATIONS,0.013316088906567571
CARDIAC COMPLICATIONS,0.013316088906567571
THROMBOEMBOLIC COMPLICATIONS,0.013316088906567571
HOSPITAL LENGTH OF STAY,0.013316088906567571
ICU LENGTH OF STAY,0.013316088906567571
COMPLICATIONS (GENERAL),0.013316088906567571
COHORT OF 259 PATIENTS,0.013316088906567571
13 CENTERS,0.013316088906567571
LAST FOLLOW-UP,0.013316088906567571
"PATIENT COHORT (4,849 PATIENTS)",0.013316088906567571
STUDY PERIOD JANUARY 2008 - AUGUST 2013,0.013316088906567571
PROTOCOL CHANGE OCTOBER 2012,0.013316088906567571
TREATED GROUP,0.021841936763812568
UNTREATED GROUP,0.013316088906567571
LIGHT PINK ERYTHEMA,0.013316088906567571
NO ERYTHEMA,0.013316088906567571
MULTIPLE FERTILITY CENTERS,0.013316088906567571
CLINICALLY RECOGNIZABLE ERROR RATE,0.013316088906567571
MOLECULAR LABORATORY,0.013316088906567571
ENGLISH LITERATURE REVIEW,0.013316088906567571
MEDICAL RECORDS REVIEW (RETROSPECTIVE ANALYSIS),0.013316088906567571
STUDY COHORT (608 PATIENTS),0.013316088906567571
PREVIOUS NEPHRECTOMY,0.013316088906567571
SERUM CREATININE (SCR),0.013316088906567571
CORONARY ANGIOGRAPHY,0.013316088906567571
ACUTE SURGERY,0.013316088906567571
C-REACTIVE PROTEIN (CRP),0.5488544471054808
SEVERITY OF ACUTE PANCREATITIS (MILD / MODERATELY SEVERE / SEVERE),0.0186425244691946
PRESENT STUDY,0.08513419507598867
ON ADMISSION,0.0186425244691946
48 HOURS AFTER ADMISSION,0.0186425244691946
SERUM LEVELS,0.0186425244691946
39 CONSECUTIVE PATIENTS,0.0186425244691946
PREOPERATIVE EVALUATION,0.0186425244691946
POSTOPERATIVE EVALUATION,0.0186425244691946
THE STUDY,0.6595561266876047
SERUM PROTEINS,0.0186425244691946
INFLAMMATORY MARKERS,0.07084159298293947
DEATH/MORTALITY,0.0186425244691946
2-DECADE CRP MEASUREMENT,0.0186425244691946
SERIAL BIOMARKER MEASUREMENT,0.0186425244691946
NEVER INSOMNIA,0.0186425244691946
DONORS,0.029739265224667574
"PATIENT CHARACTERISTICS (AGE, SEX, SIDE OF OPERATION)",0.029739265224667574
NO CAPSULAR CLOSURE,0.029739265224667574
GRAFT FAILURE,0.12295188757064057
PAIRED T-TEST,0.029739265224667574
APPLIED STRESS,0.029739265224667574
STUDY COHORT (N = 75),0.029739265224667574
GUINEA PIG ASTHMA MODEL,0.03643145349566051
TWICE-WEEKLY MEASUREMENT PROTOCOL (21 WEEKS),0.04981583003764637
THE STUDY (GSTM1/GSTT1 POLYMORPHISM STUDY),0.029739265224667574
ALTERED GLUCOSE INTOLERANCE,0.029739265224667574
RANDOMIZED CONTROLLED STUDY,0.029739265224667574
NF-ΚB NUCLEAR TRANSLOCATION,0.028496430260054603
WESTERN BLOT ANALYSIS,0.6803929605082406
HO3867,0.028496430260054603
STA21,0.028496430260054603
HISTOCHEMICAL STUDIES,0.028496430260054603
BECLIN1–BCL-2 COMPLEX,0.028496430260054603
BCL-2–BAX COMPLEX,0.06826714912766975
BCL-2 FAMILY PROTEINS,0.06826714912766975
STROKE,0.5326435562627029
MACROVASCULAR DISEASE,0.019623709967573264
URINARY SODIUM (UNA) EXCRETION,0.019623709967573264
PLAQUE INSTABILITY,0.019623709967573264
COMPUTED TOMOGRAPHY (CT),0.019623709967573264
ISCHEMIA-REPERFUSION BRAIN INJURIES,0.019623709967573264
NEUROVASCULAR EVENTS,0.019623709967573264
ACUTE BRAIN ISCHEMIA,0.019623709967573264
TRANSIENT FOCAL NEUROLOGICAL SYMPTOMS,0.019623709967573264
AF RECURRENCE,0.019623709967573264
PHOTOTHROMBOTIC MODEL OF FOCAL STROKE,0.019623709967573264
IMPAIRED FUNCTION,0.019623709967573264
AXON REMODELING,0.019623709967573264
PHARMACOLOGICAL THERAPY,0.019623709967573264
STEATOSIS,0.02174961188072703
NASH,0.02174961188072703
4HNE STAINING,0.02174961188072703
BASELINE TIMEPOINT,0.0075127780232694475
DAY 7 TIMEPOINT,0.0075127780232694475
DAY 20 TIMEPOINT,0.0075127780232694475
RESEARCH ETHICS BOARD,0.0075127780232694475
RANDOMIZATION BY COMPUTER,0.0075127780232694475
PATIENT ENROLLMENT,0.0075127780232694475
EXCLUSION OF PATIENTS,0.0075127780232694475
PROSPECTIVE COHORT STUDY,0.014037661587487558
ROUTINE ART PROGRAMME,0.0075127780232694475
POPULATION SEQUENCING,0.0075127780232694475
REFLUXOGENIC DINNER,0.0075127780232694475
ABSTINENCE FROM SEXUAL INTERCOURSE,0.0075127780232694475
RANDOMIZED CROSSOVER DESIGN,0.013726952846334312
PROSPECTIVE ENROLLMENT,0.0075127780232694475
"PHASE 4 REGISTRY TRIAL""",0.0075127780232694475
IPSILATERAL BREAST TUMOR RECURRENCE (IBTR),0.0075127780232694475
INFECTION,0.0075127780232694475
SYMPTOMATIC SEROMA,0.0075127780232694475
OVERALL COSMESIS (GOOD TO EXCELLENT),0.0075127780232694475
DELIVERY SCHEDULE: TWICE DAILY,0.0075127780232694475
TOXICITY,0.10072540036924246
GUIDELINES,0.0075127780232694475
CIRRHOTIC PATIENTS,0.029445159751733688
NONCIRRHOTIC PATIENTS,0.0075127780232694475
FALSE POSITIVES,0.0075127780232694475
FALSE NEGATIVES,0.0075127780232694475
CONTINUOUSLY UNINSURED,0.0075127780232694475
CONTINUOUSLY INSURED,0.0075127780232694475
DISCONTINUOUSLY INSURED,0.0075127780232694475
RESILIENCE,0.019941127669399178
STUDY PERIOD: JANUARY 2009 - JUNE 2015,0.0075127780232694475
APPLICATION OF AIR LEAK TEST (ALT),0.0075127780232694475
PAIN,0.5401563342859723
UPPER EXTREMITY-SPECIFIC SYMPTOMS AND DISABILITY,0.0075127780232694475
CATASTROPHIC THINKING,0.0075127780232694475
HEALTH ANXIETY,0.0075127780232694475
DIAGNOSIS,0.0075127780232694475
INJURY,0.0075127780232694475
15D,0.0075127780232694475
EORTC QLQ-C30,0.0075127780232694475
QLQ-LC13,0.0075127780232694475
FOLLOW-UP,0.6636590754489872
RETROSPECTIVE EVALUATION,0.1600150016939203
SURVIVORS,0.0075127780232694475
PATIENT EVALUATION STUDY,0.0075127780232694475
CAREGIVERS,0.0075127780232694475
FIVE DISCRETE DIAGNOSES,0.0075127780232694475
INSTITUTIONAL DATABASE,0.0075127780232694475
SEMINAL VESICLES (SV),0.0075127780232694475
PRESURGICAL EVALUATION,0.0075127780232694475
INTERICTAL MEG RECORDINGS,0.0075127780232694475
EPILEPTOGENIC FOCUS LOCALIZATION,0.0075127780232694475
OVERALL SURVIVAL,0.5625813999518152
PRESURGERY MRI,0.0075127780232694475
UPPER GI ESD WITH OVERTUBE,0.0075127780232694475
ADJACENT PERICANCEROUS TISSUES,0.0075127780232694475
GROUP 1 (LESS ADVANCED DISEASE),0.0075127780232694475
GROUP 2 (MORE ADVANCED DISEASE — SHORT PSADT),0.0075127780232694475
GROUP 3 (MORE ADVANCED DISEASE — DISTANT METASTASIS),0.0075127780232694475
GROUP 4 (NO SADT DURING FOLLOW-UP),0.0075127780232694475
ADVERSE EVENTS (AES),0.0075127780232694475
TREATMENT-RELATED ADVERSE EVENTS,0.0075127780232694475
SURGERY,0.1226577820977067
INCLUSION CRITERIA,0.0075127780232694475
FAMILY MEMBERS,0.0075127780232694475
INSTANCES OF INADEQUATE CONSULTATION,0.0075127780232694475
QUESTIONNAIRE,0.5401563342859723
PRESCRIBED DOSE 50.4 GY/28 FRACTIONS,0.0075127780232694475
POSTOPERATIVE COMPLICATIONS,0.0075127780232694475
89 CONSECUTIVE EYES,0.0075127780232694475
CLINICAL GROUPS 1-4,0.0075127780232694475
SENTINEL NODE,0.0075127780232694475
PROSTATE CANCER,0.5326435562627029
STUDY POPULATION (6368 MEN AGED 40–79),0.014340403437842
FOLLOW-UP (MEDIAN 36 MONTHS),0.014340403437842
GLEASON SCORE,0.014340403437842
PATHOLOGIC FINDINGS,0.014340403437842
BIOPSY,0.014340403437842
CUMULATIVE RISK,0.014340403437842
DIGITAL RECTAL EXAMINATION (DRE),0.014340403437842
PROSTATE-SPECIFIC ANTIGEN (PSA),0.014340403437842
TRANSRECTAL ULTRASOUND-GUIDED BIOPSY (TRUS GUIDED BIOPSY),0.014340403437842
COHORT OF IRISH MEN (103 MEN),0.014340403437842
PATHOLOGICAL BIOPSY ANALYSIS,0.014340403437842
PROSTATECTOMY,0.014340403437842
PROSTATE CANCER-RELATED DEATH,0.014340403437842
ORCHIECTOMY,0.014340403437842
PROSTATE ADENOCARCINOMA,0.014340403437842
LUNG CANCER,0.014340403437842
PCA3 TAAA STR POLYMORPHISM,0.014340403437842
GENOTYPE-SPECIFIC RISKS,0.014340403437842
CRUCIFEROUS VEGETABLE-RICH DIET,0.014340403437842
FIRST CLINICAL TRIAL OF SULFORAPHANE-RICH EXTRACTS,0.014340403437842
SULFORAPHANE-RICH EXTRACTS,0.014340403437842
SULFORAPHANE,0.014340403437842
RECURRENT PROSTATE CANCER,0.014340403437842
MIR-204-5P,0.014340403437842
HEPATOCELLULAR CARCINOMA,0.5491676120422163
DEATH FROM HEPATIC DECOMPENSATION,0.016524055779513398
SARCOPENIA,0.016524055779513398
SARCOPENIC OBESITY,0.016524055779513398
MYOSTEATOSIS,0.016524055779513398
HEPATITIS C,0.016524055779513398
ALCOHOL-RELATED LIVER DISEASE,0.016524055779513398
NON-ALCOHOLIC STEATOHEPATITIS/CRYPTOGENIC LIVER DISEASE,0.016524055779513398
AUTOIMMUNE LIVER DISEASE,0.016524055779513398
HEPATITIS B,0.016524055779513398
CFSCS,0.08591567463707107
DECOMPENSATED CIRRHOSIS,0.016524055779513398
PORTAL HYPERTENSION,0.016524055779513398
LIVER INSUFFICIENCY,0.016524055779513398
PATIENT COHORT (N=8),0.016524055779513398
MODEL FOR END-STAGE LIVER DISEASE (MELD) SCORE,0.016524055779513398
STUDY PARTICIPANTS (118 OUTPATIENTS WITH CIRRHOSIS),0.016524055779513398
ALCOHOL CONSUMPTION,0.016524055779513398
PROTHROMBIN TIME,0.016524055779513398
FIBROSIS (F3-F4),0.016524055779513398
PORTAL HYPERTENSION (PHT),0.016524055779513398
PATHOGENESIS,0.016524055779513398
MULTIPLE LOGISTIC REGRESSION ANALYSIS,0.016524055779513398
WNT TARGET GENES,0.08326994262906921
WESTERN BLOTTING ANALYSIS,0.08326994262906921
PD RISK VARIANTS,0.08326994262906921
MONOCYTES,0.08326994262906921
MRNA EXPRESSION,0.6469843730070964
SPSS ANALYSIS,0.05219906851374488
RS12456492(G),0.017399689504581626
RS11060180(A),0.017399689504581626
THYROID HORMONE (TH) SIGNALING GENES,0.0905778122209935
PLACENTA,0.0905778122209935
FETUS,0.0905778122209935
WEANLING OFFSPRING,0.0905778122209935
QUANTITATIVE REAL-TIME POLYMERASE CHAIN REACTION,0.0905778122209935
SMAD2/SMAD3 PHOSPHORYLATION,0.062141748230648663
DISEASE ACTIVITY SCORE,0.062141748230648663
JNK,0.062141748230648663
ERK,0.062141748230648663
P38 MAPK,0.062141748230648663
PHOSPHATASES,0.062141748230648663
UBIQUITIN-PROTEASOME PATHWAY,0.010874805940363516
PROTEASOME,0.010874805940363516
SP600125,0.010874805940363516
MEMBRANE RUFFLING AND CELL PROTRUSION FORMATION,0.004833247084606008
SB203580,0.004833247084606008
MITOGEN-ACTIVATED PROTEIN KINASE (MAPK) FAMILY,0.004833247084606008
PROTEIN-PROTEIN INTERACTION / COMPLEX FORMATION,0.004833247084606008
PHOSPHORYLATION (KINASE-MEDIATED ACTIVATION),0.004833247084606008
P38 MAPK INHIBITOR (CLASS),0.004833247084606008
TLR4 NEUTRALIZING ANTIBODY,0.004833247084606008
TOLL-LIKE RECEPTOR 4 (TLR4),0.5507928922538765
SB202190,0.004833247084606008
SCHIZOPHRENIA,0.5326435562627029
QUALITY OF LIFE (QOL),0.012428349646129733
SELF‑ESTEEM,0.012428349646129733
HOPELESSNESS / HOPE,0.012428349646129733
DSM‑IV,0.012428349646129733
NCAM1,0.012428349646129733
RS2301228,0.012428349646129733
TWO-STAGE ASSOCIATION ANALYSIS,0.012428349646129733
SERUM NCAM1 LEVELS,0.012428349646129733
DISCOVERY SAMPLE,0.012428349646129733
REPLICATION SAMPLE,0.012428349646129733
SERUM NCAM1 MEASUREMENT,0.012428349646129733
PENTRAXIN 3,0.04971339858451893
LINEAR REGRESSION MODELS,0.04971339858451893
NON-PSYCHIATRIC CONTROLS,0.04971339858451893
PENTRAXIN 3 STUDY,0.04971339858451893
PREPULSE INHIBITION (PPI),0.012428349646129733
LATENT INHIBITION (LI),0.012428349646129733
DEVELOPMENTAL BRAIN DISORDERS,0.08699844752290814
POSTTRANSCRIPTIONAL REGULATION OF BRAIN DEVELOPMENT,0.012428349646129733
RARE VARIANTS (RVS),0.012428349646129733
GWAS (GENOME-WIDE ASSOCIATION STUDIES),0.012428349646129733
MIRNA EXPRESSION IN BLOOD,0.012428349646129733
DISCOVERY GWAS DATASET (768 SZ CASES / 1348 CONTROLS),0.012428349646129733
INDEPENDENT VALIDATION GWAS DATASET (1802 SZ CASES / 1447 CONTROLS),0.012428349646129733
GENOME-WIDE MIRNA EXPRESSION PROFILING (BLOOD),0.012428349646129733
MIRNA-MRNA REGULATORY NETWORK,0.012428349646129733
SOCIAL COGNITION,0.012428349646129733
COPY-NUMBER VARIATION,0.012428349646129733
CA1 HIPPOCAMPAL OXIDATIVE DAMAGE,0.08877392604378381
ATHEROGENIC RISK (CIMT ≥ 1 MM),0.046687014742117214
ATHEROGENIC RISK MODEL,0.046687014742117214
TRAUMA GROUP,0.029739265224667574
HISTOPATHOLOGICAL ANALYSIS,0.029739265224667574
BIOCHEMISTRY ANALYSIS,0.08877392604378381
PERIODONTAL DESTRUCTION,0.029739265224667574
AF INTENSITY,0.029739265224667574
NITRIC OXIDE (NO),0.5326435562627029
SOLUBLE GUANYLATE CYCLASE (SGC / SGC),0.02071391607688289
HUMAN UMBILICAL VEIN ENDOTHELIAL CELLS (HUVECS),0.02071391607688289
SINONASAL EPITHELIUM / SINONASAL AIR–LIQUID INTERFACE CULTURES,0.02071391607688289
INNATE IMMUNE RESPONSE,0.058886704275709925
NITRIC OXIDE SYNTHASE (NOS),0.02071391607688289
CONDITIONED MEDIUM (CM),0.02071391607688289
STAPHYLOCOCCUS EPIDERMIDIS,0.02071391607688289
STAPHYLOCOCCUS AUREUS,0.02071391607688289
FLUORESCENCE IMAGING,0.02071391607688289
ENDOTHELIAL NITRIC OXIDE SYNTHASE (ENOS),0.02071391607688289
NITRITE,0.02071391607688289
VASCULAR SIGNALLING,0.02071391607688289
NITRATE→NITRITE→NO PATHWAY,0.02071391607688289
S-NITROSO-N-ACETYL-DL-PENICILLAMINE (SNAP),0.02071391607688289
NO SYNTHASES,0.02071391607688289
PROTEIN EXPRESSION (MEASUREMENT),0.06939161885755768
TOTAL STAT3,0.06939161885755768
BMSCS,0.008699844752290813
CYTOKINES,0.11993357408515191
ACTIVATION OF CFSCS,0.008699844752290813
NADPH OXIDASE,0.008699844752290813
ENZYME-LINKED IMMUNOSORBENT ASSAY (ELISA),0.5734420040433634
STUDY OF MMP-10 IN PAD PATIENTS (2-YEAR FOLLOW-UP),0.06649167060679408
COHORT OF 187 PAD PATIENTS,0.06649167060679408
COHORT OF 200 SEX-MATCHED CONTROLS,0.06649167060679408
IN VITRO,0.006214174823064866
TWENTY TYPE 2 DIABETIC PATIENTS,0.034280392979984205
HEALTHY MALE VOLUNTEERS,0.019263941951501086
EX,0.006214174823064866
EXG,0.006214174823064866
CON,0.006214174823064866
12-HOUR CULTURE PERIOD,0.0695987580183265
LOWER LIMB ARTERIAL DISEASE,0.01449974125381802
AMYLOID BETA PATHOLOGY,0.017754785208756764
TAU PATHOLOGY,0.017754785208756764
NEUROINFLAMMATORY PATHOLOGY,0.017754785208756764
MEMORY CLINIC,0.017754785208756764
CENTRAL BRAIN ATROPHY,0.017754785208756764
CLINICAL TRIALS,0.017754785208756764
PHARMACOLOGIC TREATMENTS,0.017754785208756764
DEMENTIA,0.08786342423820655
AGEING,0.022773926412001464
U.S. POPULATION,0.017754785208756764
CSF BIOMARKER ANALYSIS,0.017754785208756764
TAUOPATHIES,0.017754785208756764
ANTIOXIDANT DEFENSE SYSTEM (ADS),0.017754785208756764
RS2070424,0.017754785208756764
APOE GENE,0.017754785208756764
GENETIC ASSOCIATION STUDY (CASE-CONTROL),0.017754785208756764
SOD1,0.017754785208756764
SOD2,0.017754785208756764
GPX-1,0.017754785208756764
APOE Ε4 STATUS,0.017754785208756764
METASTASIS,0.5737014970579529
MMP-11 KNOCKDOWN,0.053264355626270285
DCLK1,0.07812105491852976
LYMPHATIC METASTASIS,0.053264355626270285
COLORECTAL CANCER (CRC),0.053264355626270285
CANCER STEM CELLS (CSCS),0.053264355626270285
TUMOR PROGNOSTIC MARKERS,0.053264355626270285
SHRNA,0.0372850489383892
MMP-11 OVEREXPRESSION,0.06611950299376436
MICROMETASTASIS,0.06611950299376436
OVERT METASTASIS,0.06611950299376436
CD133-POSITIVE GROUP,0.06611950299376436
CD133-NEGATIVE GROUP,0.06611950299376436
MULTIVARIATE COX REGRESSION ANALYSIS,0.07328970471268537
CLINICAL INVESTIGATIONS,0.0062141748230648665
DCLK1 MRNA,0.0062141748230648665
DCLK1 PROTEIN,0.0062141748230648665
GASTROINTESTINAL CANCER STEM CELLS,0.0062141748230648665
NORMAL COLORECTAL TISSUES,0.0062141748230648665
OPERATIONS (SURGERY),0.00372850489383892
LIVER METASTASIS,0.00372850489383892
LYMPHATIC INVASION,0.00372850489383892
VENOUS INVASION,0.00372850489383892
STAGE PROGRESSION,0.00372850489383892
FIVE-YEAR SURVIVAL RATE,0.00372850489383892
DISEASE-FREE SURVIVAL RATE,0.00372850489383892
PROGNOSTIC FACTORS,0.00372850489383892
TM SILENCING,0.02609953425687244
ECHOCARDIOGRAPHY,0.5326435562627029
REFERRAL CENTRE,0.0372850489383892
THE STUDY (COHORT OF PATIENTS),0.0372850489383892
HEART ISCHEMIA,0.0372850489383892
NON-ISCHEMIC CARDIAC DISEASE,0.0372850489383892
MODERATE OR SEVERE TR,0.0372850489383892
PARAVALVULAR LEAK,0.0372850489383892
TRANSVALVULAR / AORTIC GRADIENT,0.0372850489383892
DIABETIC HYPERTENSIVE PATIENTS,0.01304976712843622
NONDIABETIC HYPERTENSIVE PATIENTS,0.01304976712843622
CARDIAC ARREST,0.01304976712843622
RT-PCR,0.5575002555549624
BCL-2 FAMILY,0.041634971314534606
CELL APOPTOSIS,0.041634971314534606
MAGNETIC RESONANCE SPECTROSCOPY (MRS),0.02609953425687244
MAGNETIC RESONANCE IMAGING (MRI),0.5587430905195753
FATTY ACIDS (FA),0.02609953425687244
BODY FAT DISTRIBUTION,0.02609953425687244
LIVER HISTOLOGY,0.013809277384588594
METABOLIC SYNDROME,0.5464528336472915
L-CITRULLINE (CIT),0.013809277384588594
WESTERN-STYLE DIET (WSD),0.013809277384588594
ARGININE/CITRULLINE HOMEOSTASIS,0.013809277384588594
PORTAL ENDOTOXIN LEVELS,0.013809277384588594
HEPATIC TRIGLYCERIDE LEVELS,0.013809277384588594
NEUTROPHIL NUMBERS,0.013809277384588594
PLASMINOGEN ACTIVATOR INHIBITOR-1 (PAI-1) PROTEIN LEVELS,0.013809277384588594
GLUCOSE METABOLISM,0.013809277384588594
3-NITROTYROSINE PROTEIN ADDUCTS,0.013809277384588594
LIVER INJURY,0.013809277384588594
SERUM FREE FATTY ACIDS,0.013809277384588594
HEPATIC TRIGLYCERIDES,0.013809277384588594
NON-ALCOHOLIC STEATOHEPATITIS (NASH),0.013809277384588594
LIGHT ALCOHOL CONSUMPTION (LAC),0.013809277384588594
ALANINE AMINOTRANSFERASE (ALT),0.013809277384588594
METABOLIC SYNDROME (MS),0.013809277384588594
WAIST CIRCUMFERENCE (WC),0.013809277384588594
URIC ACID (UA),0.013809277384588594
HAEMOGLOBIN A1C (HBA1C),0.013809277384588594
VISCERAL-FAT TYPE METABOLIC SYNDROME,0.013809277384588594
PNPLA3,0.013809277384588594
I148M (RS738409),0.013809277384588594
DYSLIPIDEMIA,0.5993757510964703
THE STUDY COHORT (759 CONSECUTIVE PATIENTS),0.11806932163823247
ODDS RATIO (OR),0.6322881151135746
CONFIDENCE INTERVAL (CI),0.531311947372046
COMMUTERS,0.0365501032621998
MATH,0.0365501032621998
ENGLISH LANGUAGE,0.0365501032621998
FRENCH AS A SECOND LANGUAGE,0.0365501032621998
SCIENCE,0.0365501032621998
ART,0.0365501032621998
REPORT CARD,0.0365501032621998
LD PATIENTS,0.0365501032621998
HEALTHY CONTROLS,0.195728581422246
NEUROIMAGING,0.0365501032621998
PERIPHERAL BLOOD LEUKOCYTES,0.0365501032621998
PROSTATE TISSUES,0.0365501032621998
SMALL ANTERIOR PITUITARY,0.024856699292259466
NECROTIC CORE (NE),0.024856699292259466
CONTRAST-ENHANCEMENT (CE),0.024856699292259466
TUMOR BULK (TB),0.024856699292259466
TUMOR-ASSOCIATED EDEMA (ED),0.024856699292259466
TOTAL TUMOR VOLUME (TV),0.024856699292259466
IMAGING-GENOMICS ANALYSIS,0.024856699292259466
GRADIENT ECHO MRI,0.024856699292259466
UTILIZATION RATES,0.024856699292259466
MRI CODES,0.024856699292259466
HOSPITAL OUTPATIENT DEPARTMENTS (HOPDS),0.024856699292259466
PRIVATE OFFICES,0.024856699292259466
TWIN STUDY (16 PAIRS BMI-DISCORDANT),0.024856699292259466
CELL INVASION,0.5326435562627029
WNT2 KNOCKDOWN,0.062141748230648663
TRANSFECTION,0.5326435562627029
BRACHYURY-OVEREXPRESSING CELLS,0.37285048938389204
ASTHMA,0.5326435562627029
PERSISTENT ASTHMA,0.028680806875684
MURINE MODEL OF ASTHMA,0.028680806875684
RS2444043 (RAB27A VARIANT),0.028680806875684
ATOPY,0.028680806875684
AIRWAY WALL THICKNESS RATIO,0.028680806875684
ALBUMIN CHICKEN EGG (OVA),0.028680806875684
LUNG FUNCTION,0.028680806875684
AIRWAY MORPHOLOGICAL CHANGES,0.028680806875684
PROFILE TWO - MAINLY MONOSENSITIZED/PAUCISITIZED,0.028680806875684
DOCTOR-DIAGNOSED ALLERGIC CONDITIONS AT 2 YEARS,0.028680806875684
CURRENT ASTHMA SYMPTOMS,0.028680806875684
CHRONIC OBSTRUCTIVE PULMONARY DISEASE (COPD),0.020076564812978797
EXPRESSION QUANTITATIVE TRAIT LOCUS (EQTL),0.006692188270992933
LYMPHOBLASTOID CELL LINES,0.006692188270992933
SINGLE-NUCLEOTIDE POLYMORPHISM (SNP),0.006692188270992933
RS2194437 (SLC8A1-NEARBY VARIANT),0.020076564812978797
HISTOLOGICAL EXAMINATION,0.020076564812978797
SENSITIZATION,0.006692188270992933
REPEATED INHALATION CHALLENGE,0.006692188270992933
INTERNAL AREA RATIO,0.005019141203244699
TRACHEA,0.005019141203244699
THIRD BRONCHI,0.005019141203244699
TERMINAL BRONCHIOLES,0.005019141203244699
TRYPAN BLUE ASSAY,0.09321262234597301
H2O2 EXPOSURE (HIGH CONCENTRATION),0.09321262234597301
EXPERIMENTAL PALMITATE TREATMENT,0.09321262234597301
CANCER,0.5326435562627029
S100 PROTEIN FAMILY,0.09321262234597301
REMOVAL OF TE SILENCING,0.09321262234597301
CANCER-RELATED MORTALITY,0.09321262234597301
QRT-PCR,0.5326435562627029
TENOCYTE-RELATED GENES,0.062141748230648663
MI RNAS,0.062141748230648663
TRANSCRIPTIONAL AND TRANSLATIONAL EXPRESSION,0.062141748230648663
YANYOU 361,0.062141748230648663
WHEAT (TRITICUM AESTIVUM L.),0.04349922376145406
DIABETES MELLITUS,0.5488544471054808
EXPERIENCED USERS,0.04142783215376578
ODDS RATIO AND 95% CONFIDENCE INTERVALS,0.07871288109215499
P-VALUE,0.07871288109215499
STREPTOZOTOCIN (STZ),0.04142783215376578
KYNURENIC ACID (KYNA),0.04142783215376578
KAT II,0.04142783215376578
KAT I,0.04142783215376578
COGNITIVE IMPAIRMENT,0.07010863902944979
META-ANALYSIS (CURRENT STUDY),0.11724076499515715
ICV-STZ MODEL (INTRACEREBROVENTRICULAR STZ-INDUCED COGNITIVE IMPAIRMENT),0.002416623542303004
OXIDATIVE-NITROSATIVE STRESS,0.010184342071134087
ALTERED ACETYLCHOLINESTERASE ACTIVITY,0.002416623542303004
ALTERED MITOCHONDRIAL ENZYME ACTIVITIES,0.002416623542303004
INTRACEREBROVENTRICULAR ADMINISTRATION,0.002416623542303004
DIABETES (STZ-INDUCED),0.002416623542303004
INTRAPERITONEAL INJECTION (IP),0.015732712448870576
DIABETIC MODEL / DIABETES (DIABETIC RATS),0.002416623542303004
EXPERIMENTAL ANIMAL STUDY,0.002416623542303004
INTRAPERITONEAL ADMINISTRATION (I.P.),0.002416623542303004
IONOTROPIC GLUTAMATE RECEPTORS,0.005799896501527209
ALPHA7 NICOTINIC RECEPTOR (Α7 NICOTINIC),0.005799896501527209
TRYPTOPHAN,0.005799896501527209
INSULIN TREATMENT,0.005799896501527209
HPLC-BASED METHODS,0.005799896501527209
FRONTAL CORTEX,0.007249870626909011
HIPPOCAMPUS,0.007249870626909011
STRIATUM,0.007249870626909011
DEMENTIA INCIDENCE DETERMINATION,0.01635868244020495
COX REGRESSION,0.01635868244020495
ESTABLISHED RISK FACTORS FOR DEMENTIA,0.01635868244020495
TWELVE PUBLICATIONS,0.012759772303359859
"355,311 SUBJECTS",0.012759772303359859
SUBGROUP ANALYSES,0.012759772303359859
SENSITIVITY ANALYSES,0.012759772303359859
HETEROGENEITY,0.012759772303359859
SMALL-STUDY EFFECT,0.005074909438836308
EPIDEMIOLOGICAL EVIDENCE,0.005074909438836308
HEART FAILURE,0.5592757340758381
NATIONAL HF AUDIT FOR ENGLAND AND WALES,0.053264355626270285
SHORTNESS OF BREATH AT REST (SOBAR),0.053264355626270285
COMFORTABLE AT REST BUT BREATHLESS ON SLIGHT EXERTION (CARBOSE),0.053264355626270285
DOWNREGULATION OF INTEGRIN B1D EXPRESSION,0.053264355626270285
LATE GESTATION DELETION OF KINDLIN-2,0.053264355626270285
ADULT CARDIAC DELETION OF KINDLIN-2,0.053264355626270285
CARDIAC RESYNCHRONIZATION THERAPY (CRT),0.053264355626270285
HEART RATE (HR),0.00745700978767784
SYSTOLIC BLOOD PRESSURE (SBP),0.00745700978767784
RESPIRATORY RATE (RR),0.00745700978767784
MORTALITY (180-DAY),0.00745700978767784
PATIENTS HOSPITALIZED WITH HEART FAILURE (311 PATIENTS),0.00745700978767784
VITAL SIGNS,0.00745700978767784
LEFT VENTRICULAR LEAD POSITION (LV-LP),0.0186425244691946
PATIENT COHORT (2594 PATIENTS),0.0186425244691946
FIRST-LINE ART,0.02174961188072703
CIRCULATING PROGRANULIN,0.03766745969673165
CASE-CONTROL STUDY,0.5647182586186761
RETROSPECTIVE COHORT ANALYSIS,0.01902493522753705
C ALLELE,0.01902493522753705
CC GENOTYPE,0.01902493522753705
CURRENT STUDY,0.01902493522753705
THYROID HORMONE (TH),0.01304976712843622
IMMUNOHISTOCHEMISTRY (IHC),0.6011822491641536
SPECIFIC ANTIBODIES,0.02027374536024913
VENTANA ALK-D5F3 IHC ASSAY,0.02027374536024913
RT-PCR (REVERSE TRANSCRIPTION POLYMERASE CHAIN REACTION),0.02027374536024913
STAINING INSTRUMENTS,0.02027374536024913
OBSERVERS / TRAINED READERS,0.02027374536024913
SCORING SYSTEM,0.0824154935908978
POST-ANALYTICAL STAGE,0.031148551300612646
IHC ANALYSIS RESULTS,0.031148551300612646
PUBMED,0.552917301622952
SIX MAJOR APPROACHES,0.031148551300612646
BONE,0.02027374536024913
TISSUE,0.02027374536024913
CLINICAL MEDICAL SCIENCE,0.02027374536024913
EXPERIMENTAL MEDICAL SCIENCE,0.02027374536024913
IHC-DERIVED DATA,0.02027374536024913
L-FABP PROTEIN EXPRESSION,0.0712056095963494
CYTOPLASMIC STAINING,0.02027374536024913
STUDY COHORT (40 PATIENTS),0.02027374536024913
AUTOPHAGY,0.5326435562627029
AUTOPHAGY-ASSOCIATED PROTEINS,0.019623709967573264
HIGH GLUCOSE,0.019623709967573264
GLUCOSE UPTAKE,0.019623709967573264
PHOSPHORYLATION OF THE INSULIN RECEPTOR,0.019623709967573264
RAPAMYCIN,0.019623709967573264
3-METHYLADENINE,0.019623709967573264
LC3B,0.019623709967573264
BECLIN-1,0.019623709967573264
P62,0.019623709967573264
MTOR SIGNALING,0.019623709967573264
LC3 (MICROTUBULE-ASSOCIATED PROTEIN 1A/1B LIGHT CHAIN 3),0.019623709967573264
P62/SEQUESTOSOME 1,0.019623709967573264
AUTOPHAGIC ACIDIC VESICLES,0.019623709967573264
LC3 (INCLUDING LC3-II),0.019623709967573264
DNA METHYLATION,0.5326435562627029
CPG SITE CG05575921,0.021932381728464238
CPG SITE CG19859270,0.021932381728464238
CELL-TYPE SPECIFICITY,0.021932381728464238
CPG SITES,0.021932381728464238
EPIGENETIC REGULATION,0.021932381728464238
NON-STRUCTURAL CARDIAC DISEASES,0.021932381728464238
BIRTH WEIGHT CENTILE (BWC),0.021932381728464238
PM20D1,0.021932381728464238
MI886,0.021932381728464238
FGFR2,0.021932381728464238
GENETIC VARIATION,0.080416644206109
TRANSPOSABLE ELEMENTS,0.021932381728464238
SMALL RNAS,0.021932381728464238
RNA-DIRECTED DNA METHYLATION (RDDM),0.021932381728464238
EARLY GESTATION,0.021932381728464238
LATE GESTATION,0.021932381728464238
24 GENES PANEL,0.021932381728464238
LIVER RESECTION,0.021932381728464238
LIVER CIRRHOSIS,0.021932381728464238
STUDY COHORT,0.021932381728464238
REAL-TIME RT–PCR,0.021932381728464238
TISSUE MICROARRAY,0.021932381728464238
AFP,0.021932381728464238
L-FABP MRNA,0.021932381728464238
CLINICOPATHOLOGICAL FEATURES,0.021932381728464238
HEPATECTOMY,0.021932381728464238
ALPHA-FETOPROTEIN (AFP) LEVEL,0.021932381728464238
LOG-RANK TEST,0.04664773900514027
CRP >5 MG/L GROUP,0.04142783215376578
CRP ≤5 MG/L GROUP,0.04142783215376578
SURGICAL OUTCOMES,0.04142783215376578
ESCC PATIENTS,0.02899948250763604
HIGH TGFBI EXPRESSION GROUP,0.02899948250763604
PATIENTS WITH ESCC,0.02899948250763604
PREOPERATIVE C-REACTIVE PROTEIN LEVEL,0.028999482507636044
MEASURES OF DEPENDENCE,0.028999482507636044
TYPE 2 DIABETES,0.561324363138387
ATHEROSCLEROTIC MANIFESTATIONS,0.028066218156919346
PREVALENT NON-MAJOR MACROVASCULAR DISEASE (PNMMVD),0.028066218156919346
COHORT OF 739 TYPE 2 DIABETES PATIENTS,0.028066218156919346
COGNITIVE PERFORMANCE,0.028066218156919346
CLINICAL MICROVASCULAR COMPLICATIONS,0.028066218156919346
DIABETES COMPLICATIONS,0.028066218156919346
SURDIAGENE COHORT,0.028066218156919346
INSULIN RESISTANCE,0.17215739686673595
MULTIVARIABLE LOGISTIC REGRESSION,0.5684095846887874
IN-HOSPITAL MORTALITY,0.043683347459915256
ODDS RATIO 12.49,0.043683347459915256
"INDUCTION TIME CATEGORIES (<120 MIN, 120–300 MIN, >300 MIN)",0.043683347459915256
INITIAL RHYTHM,0.043683347459915256
AUC CURVE,0.043683347459915256
NON-FASCIAL CLOSURE,0.002416623542303004
ELIXHAUSER COMORBIDITY INDEX,0.002416623542303004
SERUM LACTIC ACID LEVEL,0.002416623542303004
EJECTION FRACTION (DEPRESSED),0.002416623542303004
EFFUSION,0.002416623542303004
NEUROLOGIC CHANGE,0.002416623542303004
SEVERE AORTIC REGURGITATION,0.002416623542303004
CARDIOPULMONARY RESUSCITATION,0.002416623542303004
BIVARIATE ANALYSIS,0.002416623542303004
LACTATE CUT-OFF 6.0 MMOL/L,0.002416623542303004
CONFIDENCE INTERVAL,0.028999482507636044
INTERLEUKIN-6 (IL-6),0.5512860807318974
BIOPLEX ASSAY,0.1304976712843622
ADULT RAT VENTRICULAR MYOCYTES (ARVM),0.0372850489383892
SARCOMERE SHORTENING (SS),0.0372850489383892
SURVIVAL OUTCOME (SURVIVORS VS NON-SURVIVORS),0.15380082687085544
NEUROINFLAMMATION,0.0372850489383892
CYTOKINES AND CHEMOKINES,0.04567418494952677
ELECTRICAL (EXTERNAL) PACING,0.01304976712843622
PROLONGED EXPOSURE (24 ± 4 H),0.01304976712843622
CYTOMIX-100,0.01304976712843622
CARDIAC CONTRACTILE DYSFUNCTION,0.01304976712843622
FOLLICULAR FLUID,0.005521055323569169
SERUM,0.028824210910062417
INTERLEUKIN-6,0.005521055323569169
THIS STUDY,0.538164611586272
IL-1BETA,0.005521055323569169
TNF-ALPHA,0.005521055323569169
INFLAMMATORY RESPONSE,0.5346512127440007
CELLULAR AND SOLUBLE BIOMARKERS,0.0797900047281529
INFRA-RENAL AORTIC OCCLUSION (CROSS-CLAMP),0.0797900047281529
NONRECOVERY PROTOCOL,0.0797900047281529
TUMOR NECROSIS FACTOR ALPHA (TNF-ALPHA),0.0797900047281529
MYELOPEROXIDASE-POSITIVE CELLS,0.0797900047281529
NEUTROPHILS,0.5326435562627029
DOWNSTREAM EFFECTORS,0.0372850489383892
BLOOD SAMPLING,0.0372850489383892
CUMULATIVE SURVIVAL (SURVIVAL OUTCOME),0.0372850489383892
PROGNOSIS (CUMULATIVE SURVIVAL),0.0372850489383892
PREOPERATIVE PERIOD,0.10253388458057029
PERIPHERAL BLOOD,0.0372850489383892
STAGE III/IV,0.0372850489383892
LEUKOTRIENE B4 (LTB4),0.0372850489383892
MBCD/CHOLESTEROL COMPLEXES,0.0372850489383892
KILLING OF CANDIDA ALBICANS,0.0372850489383892
UPRIGHT POSITION,0.01304976712843622
PHLEBOTOMY,0.01304976712843622
FIRST HOSPITAL ADMISSION,0.01304976712843622
PRP PREPARATION METHODS,0.01304976712843622
5-LIPOXYGENASE (5-LO),0.003262441782109055
HYPERCHOLESTEROLEMIA,0.026565597368602305
LIPOPOLYSACCHARIDE (LPS),0.5607626973370714
5-LO NUCLEAR LOCALIZATION,0.003262441782109055
AUTOCRINE MANNER,0.003262441782109055
PLASMA LTB4 LEVELS,0.003262441782109055
PHOSPHORYLATED 5-LO,0.01304976712843622
CHOLESTEROL ENRICHMENT,0.01304976712843622
CERVICAL CANCER,0.5326435562627029
ORGANIZED SCREENING PROGRAM IN BULGARIA,0.046606311172986505
TUMOR-INFILTRATING LYMPHOCYTES,0.05965607830142272
FIGO,0.046606311172986505
QRT-PCR (QPCR),0.046606311172986505
VAGINAL INVOLVEMENT,0.046606311172986505
CYTOKINE RATIOS,0.05095623354913191
PAIRED T TEST,0.020118390989672507
ADVERSE EFFECTS,0.020118390989672507
NARINGIN,0.007767718528831082
POORLY CONTROLLED DIABETES WITH DYSLIPIDEMIA (DM-PC/D),0.007767718528831082
STUDY (INVESTIGATION OF DIABETES AND DYSLIPIDEMIA EFFECTS),0.007767718528831082
P38 MAPK ACTIVITY,0.1068061297714274
LIPOPOLYSACCHARIDES (LPS),0.1068061297714274
SEX,0.6087671978452475
STUDY STRATIFICATION FOR AGE AND SEX,0.2027374536024913
CARDIAC HYPERTROPHY,0.010657309821556243
FATTY ACID OXIDATION,0.010657309821556243
MEAN SURVIVAL TIME,0.09914433467708038
IFN INITIATION,0.09914433467708038
INCIDENT MOOD DISORDER DIAGNOSIS,0.09914433467708038
SURVIVAL STATUS,0.12577651249021551
SLEEP APNEA COHORT,0.0652488356421811
DURATION OF INOTROPIC SUPPORT,0.18642524469194602
IMMUNOFLUORESCENCE,0.5575002555549624
CHRONIC PE PATIENTS WITHOUT PULMONARY HYPERTENSION (CONTROLS),0.0186425244691946
HEPCIDIN-25,0.0186425244691946
SOLUBLE TRANSFERRIN RECEPTOR (S TFR),0.0186425244691946
FERRITIN,0.0186425244691946
S TFR/FERRITIN RATIO,0.0186425244691946
TUMOR NECROSIS FACTOR-ALPHA (TNF-Α),0.04349922376145407
LIPID MEASUREMENTS,0.0186425244691946
ATHEROGENIC INDEXES,0.0186425244691946
SMOKING,0.6265731987805679
CONTROL COHORT (1311 INDIVIDUALS),0.0186425244691946
FGLP-1 (FASTING INTACT GLP-1),0.0186425244691946
1HGLP-1 (60-MIN POST-75G GLUCOSE LOADING INTACT GLP-1),0.0186425244691946
DELTA GLP-1 (∆GLP-1),0.0186425244691946
LABORATORY BLOOD INVESTIGATIONS,0.0186425244691946
ALL-CAUSE MORTALITY,0.5326435562627029
ADJUSTED HAZARD RATIO (AHR),0.026632177813135142
OUTCOMES,0.026632177813135142
HIGH MMP-10 TERTILE,0.026632177813135142
ATHEROSCLEROTIC EVENTS,0.026632177813135142
STS SCORE,0.026632177813135142
FOLLOW-UP PERIOD (MEDIAN 5.4 YEARS),0.026632177813135142
MULTIVARIABLE COX REGRESSION ANALYSIS,0.026632177813135142
HAZARD RATIO (HR) & 95% CONFIDENCE INTERVAL (CI),0.026632177813135142
GRADE 2 AOAC,0.026632177813135142
GRADE 3 AOAC,0.026632177813135142
FOLLOW-UP PERIOD (55.1 ± 32.1 MONTHS),0.026632177813135142
COHORT OF 2978 PATIENTS,0.026632177813135142
PEER REVIEW,0.026632177813135142
CROSS-TABULATION,0.026632177813135142
"MALE PARTICIPANTS (COHORT OF 18,614)",0.026632177813135142
FAMILY HISTORY OF AAA (+FH / -FH),0.026632177813135142
FIRST-DEGREE RELATIVE,0.026632177813135142
SOCIO-DEMOGRAPHIC CHARACTERISTICS,0.026632177813135142
PATIENT SATISFACTION,0.026632177813135142
LIKERT SCALE,0.026632177813135142
QUALITY INDICATORS,0.026632177813135142
PRE-RENOVATION SAMPLE,0.026632177813135142
POST-RENOVATION SAMPLE,0.026632177813135142
QUALITY OF CARE,0.026632177813135142
MMP-11 EXPRESSION,0.0186425244691946
CLINICOPATHOLOGICAL CHARACTERISTICS,0.0186425244691946
POSITIVE CYTOKERATIN STAINING,0.0372850489383892
SURVIVAL,0.0372850489383892
LYMPH NODE EXAMINATION,0.02609953425687244
UNIVARIATE COX REGRESSION ANALYSIS,0.005219906851374488
MEDICARE PATIENTS AGED 75 OR OLDER,0.005219906851374488
YOUNGER MEDICARE PATIENTS,0.005219906851374488
LUMINAL EPITHELIAL CELLS,0.024856699292259466
CARCINOMAS,0.024856699292259466
P-CADHERIN,0.024856699292259466
DOUBLE-LABEL IMMUNOFLUORESCENCE,0.024856699292259466
MAMMARY GLAND,0.024856699292259466
CADHERIN EXPRESSION,0.024856699292259466
CONCURRENT LOSS OF N- AND E-CADHERIN EXPRESSIONS,0.024856699292259466
POSITIVE CORRELATION BETWEEN N- AND E-CADHERIN EXPRESSION,0.024856699292259466
ZEB1 SIRNA,0.024856699292259466
EPITHELIAL-MESENCHYMAL TRANSITION,0.1491401957535568
HIGH-FAT DIET (HF),0.023303155586493252
HIGH-FAT/HIGH-SUCROSE DIET (HFHS),0.023303155586493252
HIGH-FAT/VERY HIGH-SUCROSE DIET (HFVHS),0.023303155586493252
VERY HIGH-SUCROSE DIET (VHS),0.023303155586493252
DIETARY FAT INTAKE,0.023303155586493252
PLASMA LIPIDS,0.023303155586493252
LOW HDL,0.023303155586493252
HYPERTRIGLYCERIDAEMIA,0.023303155586493252
HYPERCHOLESTEROLAEMIA,0.023303155586493252
ELEVATED TG/HDL RATIO (>5.0),0.023303155586493252
ELEVATED LDL (≥160 MG/DL),0.023303155586493252
ELEVATED NON-HDL-C (≥130 MG/DL),0.023303155586493252
VASCULAR ENDOTHELIAL GROWTH FACTOR (VEGF),0.5326435562627029
SHORT-TERM ATORVASTATIN CLINICAL STUDY,0.023303155586493252
PREECLAMPSIA (PE),0.023303155586493252
PERIPHERAL BLOOD MONONUCLEAR CELLS (PBMCS),0.023303155586493252
SOLUBLE FMS-LIKE TYROSINE KINASE-1 (SFLT-1),0.023303155586493252
LONGITUDINAL STUDY,0.023303155586493252
ROBUST LINEAR REGRESSION MODEL,0.023303155586493252
SERUM VEGF,0.023303155586493252
AGE (PATIENTS' AGE),0.023303155586493252
ANGIOGENESIS,0.5559467118491962
WNT/Β-CATENIN SIGNALING PATHWAY,0.023303155586493252
SIRNA-MEDIATED TF SILENCING,0.023303155586493252
95% CONFIDENCE INTERVAL (95% CI),0.09321262234597301
95% CONFIDENCE INTERVAL (CI),0.09321262234597301
NON‑PULMONARY VEIN (PV) ECTOPIC BEATS,0.09321262234597301
RISK RATIO,0.0652488356421811
GASTRIC CANCER,0.5326435562627029
KASHMIR VALLEY CASE-CONTROL STUDY,0.028680806875684
SALTED TEA CONSUMPTION,0.028680806875684
GASTRIC CANCER CASES,0.028680806875684
TNM STAGE,0.028680806875684
LAUREN’S CLASSIFICATION,0.028680806875684
RECURRENCE-FREE SURVIVAL (RFS),0.028680806875684
PERIOPERATIVE CHEMOTHERAPY,0.028680806875684
ADJUVANT CHEMOTHERAPY,0.028680806875684
CHI-SQUARED TEST,0.0028680806875683996
P VALUE,0.5463253633945107
RECURRENCE,0.5366588692252986
RADICAL RESECTION,0.012176064770834364
POST-OPERATIVE COMPLICATIONS,0.0025095706016223496
ADVERSE EFFECTS OF CHEMOTHERAPY,0.0025095706016223496
NEOADJUVANT CHEMOTHERAPY,0.0025095706016223496
COMBINATION CHEMOTHERAPY,0.0025095706016223496
BLOOD GAS UTILIZATION,0.05219906851374488
OPERATIVE DEATH / HOSPITAL DEATH,0.02609953425687244
COHORT OF 164 PATIENTS,0.02609953425687244
COLORECTAL CANCER,0.5326435562627029
CELL CYCLING,0.023303155586493252
SMC-4 MRNA,0.023303155586493252
MALIGNANCIES,0.023303155586493252
TREATMENT RESISTANCE,0.023303155586493252
TNM SYSTEM,0.023303155586493252
THROMBOMODULIN (TM),0.023303155586493252
HCT116 CELLS,0.023303155586493252
TUMOUR,0.023303155586493252
WNT/BETA-CATENIN SIGNALLING,0.023303155586493252
MUTATIONS,0.023303155586493252
BRONCHIAL EPITHELIAL CELLS (BEC),0.008699844752290813
SINGLE NUCLEOTIDE POLYMORPHISMS (SNPS),0.5326435562627029
HOMOPLASMIC DISTRIBUTION PATTERN,0.0372850489383892
MICROEVOLUTION,0.0372850489383892
BIOMARKERS,0.0372850489383892
ENDOCRINE AND IMMUNE MOLECULES,0.0372850489383892
MARKER SUBSETS,0.0372850489383892
GENOME-WIDE ASSOCIATION STUDY (GWAS),0.0372850489383892
POPULATION ANALYSIS STUDY,0.0372850489383892
ALLELE FREQUENCIES,0.0372850489383892
META-ANALYSIS,0.1275459382434064
EGEA STUDY (FRENCH EPIDEMIOLOGICAL STUDY ON THE GENETICS AND ENVIRONMENT OF ASTHMA),0.003262441782109055
HUTTERITES,0.003262441782109055
TALANA STUDY,0.003262441782109055
GENETIC DETERMINANTS / GENETIC VARIATION,0.003262441782109055
BEACON,0.003262441782109055
RS3072,0.003262441782109055
RS2701108,0.003262441782109055
POPULATION STRUCTURE,0.005219906851374488
CARDIOVASCULAR DISEASES,0.005219906851374488
SELECTION,0.005219906851374488
DEMOGRAPHIC PROCESSES,0.005219906851374488
PHENOTYPING,0.01304976712843622
HIPPOCAMPAL CYTOARCHITECTURE,0.09321262234597301
HEK CELL INFUSION,0.09321262234597301
HEK-CM INFUSION,0.09321262234597301
HISTOPATHOLOGY / HISTOLOGICAL ASSESSMENT,0.09321262234597301
INTRAVENOUS (TAIL VEIN) INFUSION,0.0652488356421811
INTACT PARATHYROID HORMONE (PTH),0.0372850489383892
OSTEOCALCIN,0.0372850489383892
WHTR CUTOFF ≥0.55,0.0372850489383892
MULTIVARIATE LOGISTIC ANALYSIS,0.04321676126949658
METABOLIC DISEASES,0.04321676126949658
LOW-GRADE CHRONIC INFLAMMATION,0.0372850489383892
BONE FORMATION,0.01304976712843622
OSTEOBLASTIC MARKER GENES,0.01304976712843622
HIGH-FAT DIET (RATS),0.008304397263550322
ALBUMINURIA,0.008304397263550322
PODOCYTES,0.008304397263550322
ANTI-INFLAMMATORY AGENTS,0.008304397263550322
INSULIN-STIMULATED AKT PHOSPHORYLATION,0.008304397263550322
AKT SIGNALING,0.008304397263550322
EMERGENCY DEPARTMENT,0.5326435562627029
RETROSPECTIVE COST EVALUATION STUDY,0.053264355626270285
HOSPITALISATION,0.053264355626270285
OUTPATIENT TREATMENT,0.053264355626270285
OUTPATIENTS,0.053264355626270285
ALERT REVIEW,0.053264355626270285
PROSPECTIVE AND OBSERVATIONAL STUDY,0.053264355626270285
FINGER STICK TESTING,0.053264355626270285
ELECTRONIC HOSPITAL FILES,0.012428349646129733
STUDY PERIOD (13-YEAR PERIOD),0.012428349646129733
LENGTH OF HOSPITAL STAY,0.0093212622345973
GESTATIONAL AGE,0.0093212622345973
GENDER,0.5626787345741832
AGE ON ADMISSION,0.0093212622345973
CAPILLARY GLUCOSE MEASUREMENT,0.0186425244691946
VENOUS GLUCOSE MEASUREMENT,0.0186425244691946
BLOOD GLUCOSE,0.0093212622345973
300 CRITICAL PATIENTS,0.0093212622345973
EMERGENCY CASES,0.0093212622345973
HEPATOCELLULAR CARCINOMA (HCC),0.5326435562627029
PROSPECTIVE STUDY,0.033895499034899274
FIFTY-ONE CONSECUTIVE PATIENTS,0.033895499034899274
PEKING UNION MEDICAL COLLEGE HOSPITAL,0.033895499034899274
ONE YEAR AFTER BIRTH,0.033895499034899274
ESOPHAGEAL VARICEAL BLEEDING (EVB),0.033895499034899274
DEVASCULARIZATION PLUS LIVER RESECTION,0.033895499034899274
DEVASCULARIZATION PLUS RADIOFREQUENCY ABLATION,0.033895499034899274
BCLC STAGE 0/A,0.033895499034899274
TUMOR RECURRENCE,0.033895499034899274
ROUTINE OBSTETRIC POPULATION,0.0015817899549619662
ELECTRIC STIMULATOR,0.0015817899549619662
TWENTY-TWO PATIENTS (COHORT),0.0015817899549619662
D-1,0.0015817899549619662
D2 (DAY+2),0.0015817899549619662
D15,0.0015817899549619662
M2 (MONTH+2),0.0015817899549619662
M3,0.0015817899549619662
M6,0.0015817899549619662
FIRST ANTERIOR MYOCARDIAL INFARCTION,0.0015817899549619662
ADMISSION,0.012456595895325481
SEVENTY-TWO HOURS,0.0015817899549619662
FIRST WEEK,0.0015817899549619662
SIX MONTHS,0.0015817899549619662
586 HCC PATIENTS,0.011863424662214746
STUDY PERIOD (JANUARY 1989 – JANUARY 2011),0.011863424662214746
SURGICAL APPROACH,0.011863424662214746
ESOPHAGEAL VARICES,0.011863424662214746
GROUP A,0.02372684932442949
GROUP B,0.02372684932442949
BCLC (BARCELONA CLINIC LIVER CANCER),0.02372684932442949
CLINICAL STUDY,0.011863424662214746
GLY389-HETEROZYGOTES,0.09321262234597301
GLY389-HOMOZYGOTES,0.09321262234597301
GLY389 CARRIERS,0.09321262234597301
EAA–CHRONOLOGICAL AGE DIFFERENCE,0.09321262234597301
MALE SEX,0.0652488356421811
FIBROSIS,0.5326435562627029
FIBROGENESIS,0.09321262234597301
FIBROGENIC GENES,0.09321262234597301
TECHNIQUES TO MEASURE FIBROSIS AND LIPIDS,0.09321262234597301
HEPATIC STELLATE CELLS (HSCS),0.0652488356421811
SITTING TO STANDING,0.0745700978767784
LIVER BIOMARKERS,0.0745700978767784
LIGHT DRINKERS,0.0745700978767784
HEPATIC INJURY,0.0745700978767784
HEPATIC CONTRIBUTION TO SERUM DPP4 ACTIVITY,0.05219906851374488
NON-DRINKERS,0.05219906851374488
MACROPHAGES,0.5471432975165209
GAIN- AND LOSS-OF-FUNCTION STUDIES,0.09321262234597301
SERUM CYTOKINES,0.09321262234597301
LPS-STIMULATED MACROPHAGE MODEL,0.09321262234597301
IMMUNOSUPPRESSIVE TUMOR MICROENVIRONMENT,0.09321262234597301
PROINFLAMMATORY MARKERS,0.03262441782109055
SEIZURES,0.0745700978767784
SYNAPTIC PLASTICITY,0.0745700978767784
EXCITABILITY,0.0745700978767784
LATERAL HYPOTHALAMUS (LHA),0.017399689504581626
LHA INACTIVATION,0.017399689504581626
GLUTAMATE (HIPPOCAMPAL GLUTAMATE CONTENT),0.017399689504581626
GAMMA-BAND OSCILLATIONS (CORTICAL GAMMA RHYTHMS),0.005799896501527208
KA-VNS,0.005799896501527208
SAL-VNS,0.005799896501527208
SACCHARIN PREFERENCE (OUTCOME),0.005799896501527208
QUININE AVERSION (OUTCOME),0.005799896501527208
ANTI-EPILEPTIC DRUG THERAPY,0.005799896501527208
NON-PHARMACOLOGICAL NEUROMODULATORY TREATMENTS,0.005799896501527208
TWO-WEEK VNS TREATMENT,0.005799896501527208
MEN,0.5326435562627029
HIGH ACCESSIBILITY,0.09321262234597301
RECURRENCE OF HEPATIC DECOMPENSATION,0.09321262234597301
CSF BIOMARKERS,0.09321262234597301
SURVEY RESPONDENTS,0.09321262234597301
SUBJECTS,0.02174961188072703
CERAD-NB SUBTESTS,0.02174961188072703
CERAD-NB TOTAL SCORE,0.02174961188072703
"SAMPLE SIZE 1,674",0.03262441782109055
TREATMENT DURATION,0.15328297896893336
PATIENT,0.15328297896893336
RAPID-ONSET GENERALIZED DOPA-RESPONSIVE DYSTONIA,0.003699933975112185
DELAYED SPEECH DEVELOPMENT,0.003699933975112185
ATTENTION DEFICIT HYPERACTIVITY DISORDER,0.003699933975112185
GENERALIZED DYSTONIC MOVEMENTS,0.003699933975112185
ATHETOID MOVEMENTS,0.003699933975112185
GAIT IMPAIRMENT,0.003699933975112185
DYSTONIC POSTURES,0.003699933975112185
RESTING TREMOR,0.003699933975112185
ACTION TREMOR,0.003699933975112185
DYSARTHRIC SPEECH,0.003699933975112185
HYPOMETRIC HORIZONTAL AND VERTICAL SACCADES (SACCADIC DYSFUNCTION),0.003699933975112185
PECTUS CARINATUM,0.003699933975112185
SPLENOMEGALY,0.003699933975112185
BRAIN MAGNETIC RESONANCE IMAGING (MRI),0.003699933975112185
ELECTROENCEPHALOGRAPHY (EEG),0.003699933975112185
LEVODOPA/CARBIDOPA,0.003699933975112185
"SOX6 DELETION CHR11:15944880-16029095 (84-KB, EXONS 14-16)",0.003699933975112185
LABORATORY STUDIES,0.003699933975112185
PHYSICAL EXAMINATION,0.003699933975112185
NEUROLOGICAL EXAMINATION,0.003699933975112185
CEREBRAL INFARCT,0.003699933975112185
LATENT SYPHILIS,0.003699933975112185
NONTREPONEMAL TEST,0.003699933975112185
ANTITREPONEMAL IGM TEST,0.003699933975112185
BENZATHINE PENICILLIN,0.003699933975112185
AQUEOUS CRYSTALLINE PENICILLIN G,0.003699933975112185
RABBIT INOCULATION,0.003699933975112185
TWO-YEAR FOLLOW-UP,0.003699933975112185
DISEASE REGRESSION,0.003699933975112185
STUDY PERIOD 2000-2012,0.03576602842608445
TYPE 2 DIABETES MELLITUS,0.5326435562627029
BMI,0.016947749517449637
HOMA-IR,0.016947749517449637
KOREAN WOMEN AGED 20-50,0.016947749517449637
AGE ADJUSTMENT,0.016947749517449637
IMPAIRED FASTING GLUCOSE,0.016947749517449637
HEARING IMPAIRMENT,0.016947749517449637
URINE ALBUMIN-TO-CREATININE RATIO,0.016947749517449637
STUDY ENROLLMENT MARCH–SEPTEMBER 2011,0.016947749517449637
DIABETES-ASSOCIATED MICROVASCULAR DISEASE,0.016947749517449637
GLYCOSYLATED HEMOGLOBIN (HBA1C),0.016947749517449637
SYSTOLIC BLOOD PRESSURE,0.07976495153321406
LOW-DENSITY LIPOPROTEIN CHOLESTEROL (LDL-C),0.016947749517449637
COGNITIVE DYSFUNCTION,0.016947749517449637
OLDER ADULTS,0.016947749517449637
RANDOMIZED OPEN‑FASHION SINGLE‑CENTRE STUDY,0.016947749517449637
GLYCATED HAEMOGLOBIN (HBA1C),0.016947749517449637
NEW‑ONSET DIABETES,0.016947749517449637
UNIVARIATE ANALYSES,0.062141748230648663
SIX INDIVIDUALS (PATIENTS),0.062141748230648663
WAIST CIRCUMFERENCE,0.062141748230648663
CYTOKINE PROFILE,0.062141748230648663
LIVER HISTOLOGY COMPONENTS,0.04349922376145406
DAY 1,0.02174961188072703
DAY 2,0.02174961188072703
PLATELETS,0.5326435562627029
ADP-INDUCED PLATELET ACTIVATION (ADP),0.024856699292259466
TRAP6-INDUCED PLATELET ACTIVATION (TRAP6),0.024856699292259466
WHOLE BLOOD,0.024856699292259466
HEALTHY DONORS,0.024856699292259466
LIVER REGENERATION,0.024856699292259466
POSTOPERATIVE PLATELET COUNTS,0.024856699292259466
TGF-BETA1 (TGF-Β1),0.024856699292259466
FGF-B (FIBROBLAST GROWTH FACTOR-BASIC),0.024856699292259466
PDGF-BB (PLATELET-DERIVED GROWTH FACTOR-BB),0.024856699292259466
VEGF (VASCULAR ENDOTHELIAL GROWTH FACTOR),0.024856699292259466
MMP-9 (MATRIX METALLOPROTEINASE-9),0.024856699292259466
PLATELET-LEUKOCYTE INTERACTION,0.024856699292259466
GROWTH FACTORS,0.024856699292259466
PLATELET-FVIII EXPRESSION,0.024856699292259466
TARGETING FVIII EXPRESSION TO PLATELETS,0.024856699292259466
MYOCARDIAL INFARCTION,0.5326435562627029
INCIDENT CASES,0.062141748230648663
HIGH-SENSITIVITY CARDIAC TROPONIN T,0.031070874115324332
ELECTROCARDIOGRAMS,0.031070874115324332
PLASMA SOLUBLE P-SELECTIN,0.031070874115324332
SOLUBLE CD40 LIGAND,0.031070874115324332
THROMBOXANE B2 (TXB2),0.031070874115324332
MEAN PLATELET VOLUME,0.031070874115324332
PNEUMONIA SEVERITY INDEX SCORE,0.031070874115324332
EJECTION FRACTION,0.031070874115324332
ASPIRIN (100 MG/DAY),0.031070874115324332
SIGNS OF MYOCARDIAL INFARCTION,0.031070874115324332
HOSPITALIZATION (EARLY PHASE),0.005437402970181758
OBSERVATIONAL STUDY OF HOSPITALIZED PATIENTS,0.005437402970181758
SERIAL MEASUREMENTS,0.005437402970181758
LEFT VENTRICULAR MASS,0.031070874115324332
LEFT VENTRICULAR VOLUME,0.031070874115324332
RIGHT VENTRICULAR VOLUME,0.031070874115324332
LEFT VENTRICULAR HYPERTROPHY,0.031070874115324332
LEFT VENTRICULAR DILATATION,0.031070874115324332
RIGHT VENTRICULAR DILATATION,0.031070874115324332
VALIDATED ACTIVITY QUESTIONNAIRE,0.031070874115324332
CARDIAC REMODELING,0.031070874115324332
MEETING PHYSICAL ACTIVITY RECOMMENDATIONS,0.031070874115324332
EXERCISE BEHAVIOR,0.031070874115324332
WALKING,0.031070874115324332
BIKING,0.031070874115324332
LEFT VENTRICLE,0.00724987062690901
BIVENTRICULAR VOLUMES,0.005437402970181758
RIGHT VENTRICLE,0.005437402970181758
STUDY COHORT (THE STUDY),0.02174961188072703
EXERCISE INTERVENTION,0.003107087411532433
ACCELEROMETERS,0.003107087411532433
QUESTIONNAIRES,0.003107087411532433
REACTION TIME TASKS,0.003107087411532433
OUTCOME EXPECTANCIES,0.003107087411532433
IMPLICIT COGNITIONS,0.003107087411532433
EXPECTANCY ACCESSIBILITY,0.003107087411532433
SAFE ROUTES TO SCHOOL (SRTS) PROGRAM,0.002718701485090879
PEDSTRIAN ENVIRONMENTAL DATA SCAN (PEDS),0.002718701485090879
SCHOOLS,0.002718701485090879
STUDENTS / SCHOOL-AGED CHILDREN,0.002718701485090879
SCHOOL ENCOURAGEMENT,0.002718701485090879
DISTANCE FROM SCHOOL,0.002718701485090879
SPEED OF TRAFFIC,0.002718701485090879
STUDENT PERMISSION (ASKING PERMISSION),0.002718701485090879
ISCHEMIC STROKE,0.5326435562627029
INTERNAL CAROTID ARTERY (ICA) STENOSIS),0.031070874115324332
SURGERY WITHIN 0-2 DAYS,0.031070874115324332
SURGERY BETWEEN 3-7 DAYS,0.031070874115324332
SURGERY BETWEEN 8-14 DAYS,0.031070874115324332
SURGERY AFTER 14 DAYS (THEREAFTER),0.031070874115324332
COHORT OF 761 SYMPTOMATIC PATIENTS,0.031070874115324332
IRISH STROKE AND TIA REGISTER,0.031070874115324332
STUDY COHORT (185 CASES),0.031070874115324332
OBSERVATIONAL STUDY (2007-2012),0.031070874115324332
ANTIPHOSPHOLIPID ANTIBODIES (APLS),0.031070874115324332
YOUNG-ONSET ISCHEMIC STROKE,0.031070874115324332
PERI-OPERATIVE STROKE AND DEATH RATE,0.02174961188072703
OUR INSTITUTE,0.010874805940363516
ELECTRONIC DATABASES,0.010874805940363516
SERUM ANTIBODY MEASUREMENT PROTOCOL,0.010874805940363516
MULTIPLE LINEAR REGRESSION MODELS,0.010874805940363516
ANTICARDIOLIPIN ANTIBODIES (ACL),0.005437402970181758
ANTI-Β2-GLYCOPROTEIN I ANTIBODIES (ANTI-Β2GPI),0.005437402970181758
ANTIPROTHROMBIN ANTIBODIES (APS/PT),0.005437402970181758
CORONARY ARTERY DISEASE (CAD),0.5488544471054808
LONG-TERM SURVIVAL,0.024856699292259466
STABLE ANGINA PECTORIS (SAP),0.024856699292259466
ACUTE CORONARY SYNDROME (ACS),0.024856699292259466
MIR-126-5P,0.024856699292259466
LEFT MAIN CORONARY ARTERY DISEASE (LMCA),0.024856699292259466
MULTI-VESSEL DISEASE,0.024856699292259466
STABLE ANGINA PECTORIS,0.024856699292259466
SYNTAX SCORE,0.024856699292259466
AGING,0.024856699292259466
DIABETES MELLITUS (DM),0.024856699292259466
GUANGZHOU CHINESE POPULATION COHORT,0.024856699292259466
MULTIVARIATE REGRESSION ANALYSIS,0.5326435562627029
ODDS RATIO (OR) 0.93 [0.63–1.36],0.046606311172986505
TIMING OF SURGERY,0.046606311172986505
PREOPERATIVE FACTORS,0.046606311172986505
COMORBIDITY,0.046606311172986505
MEDICATION (GENERAL),0.046606311172986505
CARDIOVASCULAR AND METABOLIC RISK,0.046606311172986505
STUDY OF HEALTH IN POMERANIA,0.046606311172986505
DIASTOLIC BLOOD PRESSURE,0.0628172020157644
MEAN ARTERIAL PRESSURE,0.046606311172986505
ADULTS AGED 20-81,0.046606311172986505
FIVE-YEAR PERIOD,0.016312208910545276
ONE-KILOGRAM WEIGHT CHANGE,0.00652488356421811
METABOLIC CONTROL,0.00652488356421811
METABOLIC OUTCOMES,0.00652488356421811
GLS ≤ 18.5 SUBGROUP,0.016312208910545276
REPERFUSION,0.5326435562627029
CARDIAC DAMAGE (MYOCARDIAL INJURY),0.12428349646129733
24 HOUR REPERFUSION PERIOD,0.12428349646129733
24-HOUR REPERFUSION,0.12428349646129733
BIPOLAR DISORDER,0.5326435562627029
INNATE IMMUNITY,0.0372850489383892
IMMUNOLOGIC ABNORMALITIES,0.0372850489383892
LOW PENTRAXIN 3 LEVELS,0.0372850489383892
HIGH PENTRAXIN 3 LEVELS,0.0372850489383892
AGE-STRATIFIED ANALYSIS,0.00200765648129788
ALCOHOL ABUSE,0.00200765648129788
ILLICIT DRUG ABUSE,0.00200765648129788
MARIJUANA/HASHISH ABUSE,0.00200765648129788
COMORBID ALCOHOL AND ILLICIT DRUG ABUSE,0.00200765648129788
ALCOHOL DEPENDENCE,0.00200765648129788
ILLICIT DRUG DEPENDENCE,0.00200765648129788
MARIJUANA/HASHISH DEPENDENCE,0.00200765648129788
COMORBID ALCOHOL AND ILLICIT DRUG DEPENDENCE,0.00200765648129788
QUARTILE ANALYSIS,0.00200765648129788
SERUM ANTIOXIDANT ENZYMES,0.062141748230648663
HEALTHY VOLUNTEERS,0.5564008246247278
MIGRATION,0.5326435562627029
TUMOR MICROENVIRONMENT,0.12428349646129733
MIGRATION ASSAY,0.12428349646129733
NK CELL DYSFUNCTION,0.01449974125381802
MYELOID-DERIVED SUPPRESSOR CELLS (MDSCS),0.01449974125381802
CD4+ T CELLS,0.01449974125381802
CD8+ T CELLS,0.01449974125381802
IMMUNOLOGIC MARKERS,0.01449974125381802
ARTERIAL STIFFNESS,0.5326435562627029
AUGMENTATION INDEX (AIX),0.028680806875684
PULSE WAVE VELOCITY (PWV),0.028680806875684
INVASIVE PULSE WAVE VELOCITY,0.028680806875684
ISOLATED SYSTOLIC HYPERTENSION,0.028680806875684
INVASIVE PULSE PRESSURE,0.028680806875684
AUGMENTATION INDEX,0.028680806875684
CAROTID-FEMORAL PULSE WAVE VELOCITY (CFPWV),0.028680806875684
SPHYGMOCOR SYSTEM,0.010038282406489398
COMPLIOR,0.00200765648129788
GROUP B (WITH EVENTS),0.00200765648129788
RESPONDERS,0.00200765648129788
UNCONTROLLED HYPERTENSION,0.00200765648129788
NORMOTENSION / CONTROLLED HYPERTENSION,0.00200765648129788
BLOOD PRESSURE (BP) CONTROL,0.00200765648129788
HEMODYNAMIC CHARACTERISTICS,0.00200765648129788
HEMODYNAMIC MEASUREMENTS,0.00200765648129788
CENTRAL SYSTOLIC BLOOD PRESSURE (CENTRAL SBP),0.010038282406489398
ESTIMATED CF PWV (EPWV / EPWV),0.005019141203244699
BASELINE ASSESSMENT 1993,0.005019141203244699
CARDIOVASCULAR RISK,0.005019141203244699
RECQL1-HIGH EXPRESSION,0.12428349646129733
POSTOPERATIVE PERIOD,0.5326435562627029
WOUND HEALING,0.09321262234597301
SURGICAL WOUND INSPECTION AND PALPATION,0.09321262234597301
UPPER-LIMB CIRCUMFERENCE MEASUREMENTS,0.09321262234597301
ADENOMA RECURRENCE,0.016312208910545276
RESIDUAL ADENOMA,0.016312208910545276
ORTHOTIC TREATMENT_SUCCESS,0.016312208910545276
RECOVERY FROM SURGERY,0.016312208910545276
SURGICAL WOUNDS,0.03262441782109055
SKIN INJURY,0.03262441782109055
DIRECT SEQUENCING,0.5326435562627029
THIS STUDY / REPORT,0.053264355626270285
MUTATION ANALYSIS,0.053264355626270285
GENETIC SCREENING STUDY,0.053264355626270285
SEQUENCE ANALYSIS,0.053264355626270285
SAMPLE COLLECTION (NINE CGCL SAMPLES),0.0372850489383892
SDHX,0.012428349646129733
PIED FLYCATCHER (FICEDULA HYPOLEUCA),0.012428349646129733
PCR AMPLICONS,0.012428349646129733
PHYLOGENETIC ANALYSIS,0.012428349646129733
SAMPLE_SCREENING_EVENT,0.012428349646129733
ITL6,0.18843290117324388
ITL8,0.18843290117324388
INTERLEUKIN-10 (IL-10),0.5326435562627029
TUMOR GROWTH,0.5326435562627029
RNAI-MEDIATED STABLE GENE KNOCKDOWN,0.062141748230648663
ANIMAL SURVIVAL,0.062141748230648663
NAIF1 OVEREXPRESSION,0.062141748230648663
NUDE MICE XENOGRAFT MODELS,0.062141748230648663
ORTHOTOPIC AND LUNG METASTASIS MOUSE MODELS,0.02174961188072703
ATC CELL LINES,0.02174961188072703
IN VIVO ANALYSIS,0.04349922376145406
PAIN CONTROL AND MANAGEMENT,0.053264355626270285
WORSE‑THAN‑EXPECTED GROUP,0.053264355626270285
DYSPNOEA-PAIN COUNTER-IRRITATION,0.053264355626270285
EFFECTIVE STRETCH,0.053264355626270285
STEROID GROUP,0.053264355626270285
BASELINE,0.053264355626270285
PRESSURE PAIN THRESHOLD,0.0372850489383892
RANDOMIZATION,0.012428349646129733
FOURTH WEEK,0.012428349646129733
TWELFTH WEEK,0.012428349646129733
MRSA INFECTION RATE DECREASE (65%),0.0372850489383892
HEALTHY FEMALE PARTICIPANTS,0.00200765648129788
INJECTION,0.00200765648129788
PAIN SENSITIVITY,0.00200765648129788
HANDHELD ALGOMETER,0.00200765648129788
NON-INVASIVE VENTILATION (NIV),0.00200765648129788
PATIENTS WITH CHRONIC RESPIRATORY FAILURE DUE TO ALS,0.00200765648129788
EXPERIMENTAL DYSPNOEA,0.00200765648129788
NIV30,0.00200765648129788
NIV60,0.00200765648129788
SURGICAL RESECTION,0.5326435562627029
PREOPERATIVE SUSPICION OF MALIGNANCY,0.09321262234597301
PATHOLOGIC CORRELATION,0.09321262234597301
EARLY-STAGE CANCERS,0.09321262234597301
TUMOUR SIZE,0.0652488356421811
INTERLEUKIN-1-BETA,0.09321262234597301
TUMOUR NECROSIS FACTOR-ALPHA,0.09321262234597301
SHOCK WAVE THERAPY (SWT),0.09321262234597301
RENAL TRANSPLANTATION,0.02174961188072703
MECHANICAL TESTING,0.02174961188072703
MECHANICAL LOADING (INCREASING TENSION),0.02174961188072703
REEPITHELIALIZATION,0.0043499223761454065
REPOPULATION WITH RECIPIENT CELLS,0.0043499223761454065
MACROPHAGE INFILTRATION,0.0043499223761454065
MACROPHAGE POLARIZATION TO M2,0.0043499223761454065
OSTEOCLASTIC ACTIVITY,0.0043499223761454065
CALCIFICATION,0.0043499223761454065
MACROPHAGE MIGRATION INHIBITORY FACTOR (MIF),0.0043499223761454065
MACROPHAGE INFLAMMATORY PROTEIN 1Β (MIP‑1Β),0.0043499223761454065
CD40 LIGAND,0.0043499223761454065
COMPLEMENT C5/C5A,0.0043499223761454065
TUMOUR NECROSIS FACTOR ALPHA (TNF‑Α),0.0043499223761454065
INTERLEUKIN 6 (IL‑6),0.0043499223761454065
ENDOTHELIAL CELLS (ECS),0.0043499223761454065
TREATMENT GROUP (SWT GROUP),0.0043499223761454065
CONTROL GROUP (CTR),0.0043499223761454065
MULTIVARIATE LOGISTIC REGRESSION ANALYSIS,0.5326435562627029
RODENT AORTIC OCCLUSION MODEL,0.05219906851374488
NEUTROPHIL INFILTRATION,0.017399689504581626
WISTAR RATS,0.03653934795962142
PROOF-OF-CONCEPT STUDY,0.008525847857244997
CELL CULTURE,0.5326435562627029
MICRONEUTRALISATION,0.12428349646129733
RAT PATELLAR TENDON-DERIVED TENOCYTES,0.12428349646129733
RIN-5F CELLS,0.12428349646129733
TLK2,0.09321262234597301
KINASE,0.09321262234597301
MICROVASCULAR ENDOTHELIAL MICROPARTICLES (MEMPS),0.18642524469194602
TF-POOR MEMPS (FROM TF-SILENCED MECS),0.18642524469194602
ACTIVATED MICROVASCULAR ENDOTHELIAL CELLS (MECS),0.0652488356421811
NEIGHBORING ENDOTHELIAL CELLS (MICROVASCULAR ENDOTHELIAL CELLS (MECS)),0.0652488356421811
TF-SILENCED MECS,0.1304976712843622
BASE PREDICTIVE MODEL,0.37285048938389204
CELL SURVIVAL,0.5326435562627029
PUBMED SEARCH (EVENT),0.062141748230648663
COMPREHENSIVE PUBMED LITERATURE SEARCH,0.062141748230648663
META-ANALYSES,0.062141748230648663
PEER-REVIEWED PUBLICATIONS,0.062141748230648663
773 ARTICLES IDENTIFIED,0.04349922376145406
RANDOMIZED CONTROLLED TRIALS,0.009666494169212015
CLINICAL CONTROLLED TRIALS,0.009666494169212015
RELATIVE RISK (RR),0.009666494169212015
SURVIVAL RATE OF RESTORATIONS,0.009666494169212015
QUANTITATIVE ANALYSIS,0.009666494169212015
META-ANALYSIS RESULT,0.009666494169212015
DISSEMINATION BIAS,0.01449974125381802
RANDOM-EFFECTS MODEL,0.02537454719418154
INCLUDED ORIGINAL STUDIES (UP TO AUGUST 2015),0.01449974125381802
RESIDENTS,0.010874805940363516
JOURNAL IMPACT FACTOR,0.010874805940363516
CITATION RATE,0.010874805940363516
MANUAL ANALYSIS,0.030449456633017843
120 ARTICLES SELECTED,0.021314619643112487
GLIOMA,0.5326435562627029
VERSICAN V0/V1,0.09321262234597301
TLR2 NEUTRALIZING ANTIBODY,0.09321262234597301
TLR2,0.09321262234597301
IN VIVO STUDIES,0.09321262234597301
RNA INTERFERENCE (SIRNA/SHRNA) APPROACHES,0.016312208910545276
PROTEOMICS,0.016312208910545276
SHORT INTERFERING RNA (SIRNA),0.016312208910545276
SHORT HAIRPIN RNA (SHRNA),0.016312208910545276
ASTROCYTES,0.03262441782109055
INJECTION INTO MOUSE BRAINS,0.0652488356421811
EMBASE,0.5326435562627029
COMORBIDITY INDICES,0.062141748230648663
LITERATURE SEARCH,0.062141748230648663
SYSTEMATIC REVIEW AND META-ANALYSIS,0.062141748230648663
SEARCH STRATEGY,0.062141748230648663
MORBIDITY-RELATED OUTCOMES,0.008699844752290813
C-STATISTIC,0.008699844752290813
R-SQUARED (R(2)),0.008699844752290813
SYSTEMATIC REVIEW,0.008699844752290813
DEVELOPMENT OR VALIDATION STUDIES,0.008699844752290813
METHODOLOGICAL ARTICLES,0.02174961188072703
COHORT STUDIES,0.010874805940363516
TLR4,0.013316088906567571
INTERLEUKIN-6 (IL-6) PRODUCTION,0.013316088906567571
TOLL-LIKE RECEPTOR 2 (TLR2),0.013316088906567571
NUCLEAR FACTOR-ΚB (NF-ΚB) PHOSPHORYLATION,0.013316088906567571
P38 MITOGEN-ACTIVATED PROTEIN KINASE (P38 MAPK) PHOSPHORYLATION,0.013316088906567571
C-JUN N-TERMINAL KINASE (JNK) PHOSPHORYLATION,0.013316088906567571
LPS-INDUCED PRECONDITIONING,0.013316088906567571
MATRIX METALLOPROTEINASE 9 (MMP-9),0.013316088906567571
NEURONAL DEATH,0.013316088906567571
BRAIN WATER CONTENT,0.013316088906567571
INTRAPERITONEAL INJECTION,0.013316088906567571
RAT SAH MODEL,0.013316088906567571
HYPOZINCEMIA,0.013316088906567571
PRENATAL LPS EXPOSURE (GD 9.5),0.013316088906567571
BEHAVIORAL AND NEUROIMMUNE CHANGES,0.013316088906567571
HYPOTHALAMIC-PITUITARY-ADRENAL (HPA) AXIS,0.013316088906567571
GRAM-NEGATIVE BACTERIA,0.013316088906567571
ZINC SULFATE (ZNSO4),0.013316088906567571
STRIATAL NOREPINEPHRINE TURNOVER,0.013316088906567571
INTRAPERITONEAL ADMINISTRATION,0.013316088906567571
MATERNAL IMMUNE ACTIVATION (MIA),0.013316088906567571
ANEMIA,0.5326435562627029
30-DAY POSTOPERATIVE MORTALITY,0.016210890842777912
30-DAY POSTOPERATIVE MORBIDITY,0.016210890842777912
HEMATOCRIT LEVEL / HEMOGLOBIN (BIOCHEMICAL THRESHOLD),0.016210890842777912
ACUTE ISCHEMIC STROKE (AIS),0.016210890842777912
HEMOGLOBIN STATUS / HEMOGLOBIN LEVELS,0.016210890842777912
STROKE SEVERITY,0.016210890842777912
MODIFIED RANKIN SCORE (MRS),0.016210890842777912
ESTIMATED GLOMERULAR FILTRATION RATE (EGFR),0.016210890842777912
ATRIAL FIBRILLATION,0.016210890842777912
PERIPHERAL ARTERY DISEASE (PAD),0.016210890842777912
RENAL DYSFUNCTION,0.016210890842777912
P53,0.5326435562627029
ABNORMAL IMMUNOLABELING,0.017754785208756764
P53 3'UTR,0.017754785208756764
CELL CYCLE TRANSITION,0.017754785208756764
HEPATOMA TISSUES,0.017754785208756764
HEPATOMA CELL LINES,0.017754785208756764
EGFP REPORTER ASSAYS,0.017754785208756764
DUAL-LUCIFERASE REPORTER ASSAY,0.017754785208756764
ECTOPIC EXPRESSION,0.017754785208756764
PROMOTER ACTIVITY,0.017754785208756764
TARGET GENE,0.017754785208756764
P21,0.017754785208756764
SOMATIC CELL REPROGRAMMING,0.017754785208756764
CANCERS,0.017754785208756764
TP53,0.017754785208756764
GERMLINE POLYMORPHISMS,0.017754785208756764
TP53 PRO72ARG POLYMORPHISM,0.017754785208756764
ESOPHAGECTOMY,0.5326435562627029
NEOADJUVANT THERAPY,0.021932381728464238
ESOPHAGEAL CANCER,0.021932381728464238
TRANSTHORACIC APPROACH,0.021932381728464238
TRANSHIATAL APPROACH,0.021932381728464238
INTESTINAL INTERPOSITION,0.021932381728464238
HOSPITAL MORTALITY,0.021932381728464238
LENGTH OF STAY,0.021932381728464238
PATHOLOGIC COMPLETE RESPONSE,0.021932381728464238
SURGICAL MORBIDITY,0.021932381728464238
EIGHTY-EIGHT PATIENTS,0.021932381728464238
LYMPHADENECTOMY,0.021932381728464238
STUDY COHORT EXAMINATION,0.021932381728464238
STUDY COHORT (JAN 2006–DEC 2012),0.021932381728464238
MORBIDITY,0.021932381728464238
SEPSIS,0.5326435562627029
APACHE II SCORE,0.02071391607688289
TOTAL BURN AREA,0.02071391607688289
FULL-THICKNESS BURN AREA,0.02071391607688289
PLASMA CALCIUM CONCENTRATION,0.02071391607688289
PLASMA ALBUMIN CONCENTRATION,0.02071391607688289
HYPOVOLEMIC SHOCK,0.02071391607688289
INHALATION INJURY,0.02071391607688289
DISSEMINATED INTRAVASCULAR COAGULATION (DIC),0.02071391607688289
SEPSIS GROUP,0.02071391607688289
NON-SEPSIS GROUP,0.02071391607688289
INTESTINAL MICROBIAL DYSBIOSIS,0.02071391607688289
IMPAIRED GUT BARRIER FUNCTION,0.02071391607688289
VISCERAL-TO-SUBCUTANEOUS ADIPOSE TISSUE RATIO,0.02071391607688289
CAECAL-LIGATION AND PUNCTURE (CLP),0.02071391607688289
LIVER SINUSOIDAL ENDOTHELIAL CELLS (LSECS),0.02071391607688289
INTERCELLULAR ADHESION MOLECULE 1 (ICAM1),0.024856699292259466
BONE MORPHOGENETIC PROTEIN 2 (BMP2),0.024856699292259466
ALKALINE PHOSPHATASE,0.024856699292259466
P-38 MITOGEN-ACTIVATED PROTEIN KINASE (P-38 MAPK),0.024856699292259466
NUCLEAR FACTOR-ΚB (NF-ΚB),0.024856699292259466
TLR SIGNALING ACTIVATION,0.024856699292259466
NUCLEAR FACTOR KAPPA-B (NF-ΚB),0.024856699292259466
PROINFLAMMATORY EXPRESSION,0.024856699292259466
INNATE IMMUNE SIGNALING PATHWAY,0.024856699292259466
